Período,Domínio,Únicas,Duplicadas,Total
01/01/2006 a 31/01/2006,geocities.com,13,0,13
01/01/2006 a 31/01/2006,yahoo.com,4,0,4
01/01/2006 a 31/01/2006,freepichosting.info,11,0,11
01/01/2006 a 31/01/2006,wol.bz,18,0,18
01/01/2006 a 31/01/2006,orkut.com,204,1,205
01/01/2006 a 31/01/2006,coredump.cx,17,0,17
01/01/2006 a 31/01/2006,sweetsassyass.com,14,0,14
01/01/2006 a 31/01/2006,msn.com,13,0,13
01/01/2006 a 31/01/2006,kit.net,43,0,43
01/01/2006 a 31/01/2006,pixlog.net,7,0,7
,,,,
01/02/2006 a 28/02/2006,hyperporno.com.br,6,0,6
01/02/2006 a 28/02/2006,ihostphotos.com,8,0,8
01/02/2006 a 28/02/2006,newstar-cherry.com,11,0,11
01/02/2006 a 28/02/2006,newstar-alisa.com,6,0,6
01/02/2006 a 28/02/2006,heaven-portal.com,34,0,34
01/02/2006 a 28/02/2006,disponivel.com,16,0,16
01/02/2006 a 28/02/2006,orkut.com,316,51,367
01/02/2006 a 28/02/2006,msn.com,24,0,24
01/02/2006 a 28/02/2006,newstar-victoria-archive.com,10,0,10
01/02/2006 a 28/02/2006,kit.net,20,0,20
,,,,
01/03/2006 a 31/03/2006,elwebbs.biz,30,0,30
01/03/2006 a 31/03/2006,findnudists.com,26,0,26
01/03/2006 a 31/03/2006,flogao.com.br,18,0,18
01/03/2006 a 31/03/2006,lolita-sites.net,12,0,12
01/03/2006 a 31/03/2006,nextlittle.com,18,0,18
01/03/2006 a 31/03/2006,orkut.com,1194,911,2105
01/03/2006 a 31/03/2006,uol.com.br,11,1,12
01/03/2006 a 31/03/2006,mujweb.cz,9,78,87
01/03/2006 a 31/03/2006,msn.com,12,0,12
,,,,
01/04/2006 a 30/04/2006,terra.com.br,8,6,14
01/04/2006 a 30/04/2006,fotoplenka.ru,13,0,13
01/04/2006 a 30/04/2006,geocities.com,6,0,6
01/04/2006 a 30/04/2006,mercadolivre.com.br,11,0,11
01/04/2006 a 30/04/2006,rapidshare.de,51,5,56
01/04/2006 a 30/04/2006,flogao.com.br,15,2,17
01/04/2006 a 30/04/2006,orkut.com,3992,8567,12559
01/04/2006 a 30/04/2006,uol.com.br,9,0,9
01/04/2006 a 30/04/2006,ecstazy.biz,6,1,7
,,,,
01/05/2006 a 31/05/2006,terra.com.br,7,3,10
01/05/2006 a 31/05/2006,geocities.com,3,1,4
01/05/2006 a 31/05/2006,rapidshare.de,15,1,16
01/05/2006 a 31/05/2006,flogao.com.br,15,1,16
01/05/2006 a 31/05/2006,0bbs.jp,4,0,4
01/05/2006 a 31/05/2006,megashares.com,16,0,16
01/05/2006 a 31/05/2006,orkut.com,3336,9355,12691
01/05/2006 a 31/05/2006,uol.com.br,13,3,16
01/05/2006 a 31/05/2006,pcforum.com.br,4,0,4
,,,,
01/06/2006 a 30/06/2006,lo-fantasy.com,7,0,7
01/06/2006 a 30/06/2006,youtube.com,4,1,5
01/06/2006 a 30/06/2006,repon.info,17,1,18
01/06/2006 a 30/06/2006,geocities.com,10,15,25
01/06/2006 a 30/06/2006,firstundress.com,10,0,10
01/06/2006 a 30/06/2006,porkyhost.com,4,5,9
01/06/2006 a 30/06/2006,flogao.com.br,5,2,7
01/06/2006 a 30/06/2006,fotolog.com,8,3,11
01/06/2006 a 30/06/2006,orkut.com,3724,19783,23507
,,,,
01/07/2006 a 31/07/2006,sexolandia.org,14,0,14
01/07/2006 a 31/07/2006,lolparad.com,6,33,39
01/07/2006 a 31/07/2006,c700.com,5,7,12
01/07/2006 a 31/07/2006,youtube.com,5,0,5
01/07/2006 a 31/07/2006,imageshack.us,7,41,48
01/07/2006 a 31/07/2006,fotolog.com,6,3,9
01/07/2006 a 31/07/2006,newpussypics.com,4,2,6
01/07/2006 a 31/07/2006,orkut.com,3833,23311,27144
01/07/2006 a 31/07/2006,uol.com.br,9,86,95
,,,,
01/08/2006 a 31/08/2006,ecstazy.info,4,0,4
01/08/2006 a 31/08/2006,youtube.com,8,0,8
01/08/2006 a 31/08/2006,ig.com.br,5,4,9
01/08/2006 a 31/08/2006,flogao.com.br,5,2,7
01/08/2006 a 31/08/2006,fotolog.com,4,7,11
01/08/2006 a 31/08/2006,girls2006.info,4,0,4
01/08/2006 a 31/08/2006,lo2006.com,6,1,7
01/08/2006 a 31/08/2006,orkut.com,3010,26804,29814
01/08/2006 a 31/08/2006,uol.com.br,5,44,49
,,,,
01/09/2006 a 30/09/2006,lolparad.com,7,22,29
01/09/2006 a 30/09/2006,reflexteens.com,3,64,67
01/09/2006 a 30/09/2006,youtube.com,4,0,4
01/09/2006 a 30/09/2006,torperkut.com,5,0,5
01/09/2006 a 30/09/2006,ig.com.br,4,1,5
01/09/2006 a 30/09/2006,flogao.com.br,10,0,10
01/09/2006 a 30/09/2006,wwworkut.com,5,1,6
01/09/2006 a 30/09/2006,orkut.com,3057,47803,50860
01/09/2006 a 30/09/2006,uol.com.br,11,2,13
,,,,
01/10/2006 a 31/10/2006,ecstazy.info,4,0,4
01/10/2006 a 31/10/2006,cutelitt.com,4,1,5
01/10/2006 a 31/10/2006,youtube.com,19,105,124
01/10/2006 a 31/10/2006,geocities.com,4,2,6
01/10/2006 a 31/10/2006,ig.com.br,6,1,7
01/10/2006 a 31/10/2006,flogao.com.br,8,1,9
01/10/2006 a 31/10/2006,yahoo.com,9,1,10
01/10/2006 a 31/10/2006,orkut.com,3576,51443,55019
01/10/2006 a 31/10/2006,uol.com.br,15,1,16
,,,,
01/11/2006 a 30/11/2006,cutelitt.com,14,8,22
01/11/2006 a 30/11/2006,youtube.com,16,150,166
01/11/2006 a 30/11/2006,repon.info,6,8,14
01/11/2006 a 30/11/2006,geocities.com,11,14,25
01/11/2006 a 30/11/2006,fotolog.com,8,9,17
01/11/2006 a 30/11/2006,giroskopes.com,6,8,14
01/11/2006 a 30/11/2006,orkut.com,4126,64592,68718
01/11/2006 a 30/11/2006,gazzag.com,6,45,51
01/11/2006 a 30/11/2006,kit.net,5,2,7
,,,,
01/12/2006 a 31/12/2006,teenteen.biz,6,6,12
01/12/2006 a 31/12/2006,terra.com.br,4,3,7
01/12/2006 a 31/12/2006,ig.com.br,6,6,12
01/12/2006 a 31/12/2006,flogao.com.br,3,1,4
01/12/2006 a 31/12/2006,fotolog.com,6,0,6
01/12/2006 a 31/12/2006,3.122,19,4,23
01/12/2006 a 31/12/2006,orkut.com,3414,38171,41585
01/12/2006 a 31/12/2006,uol.com.br,12,8,20
01/12/2006 a 31/12/2006,lustgal.com,3,42,45
,,,,
01/01/2007 a 31/01/2007,prisex.com,8,1,9
01/01/2007 a 31/01/2007,youtube.com,13,3,16
01/01/2007 a 31/01/2007,ig.com.br,5,5,10
01/01/2007 a 31/01/2007,uolk.com.br,17,2,19
01/01/2007 a 31/01/2007,mclt-sites.net,17,0,17
01/01/2007 a 31/01/2007,orkut.com,3261,28816,32077
01/01/2007 a 31/01/2007,uol.com.br,24,3,27
01/01/2007 a 31/01/2007,vivos.com.br,6,2,8
01/01/2007 a 31/01/2007,manuzinha.com,11,3,14
01/01/2007 a 31/01/2007,cuteloblog.com,6,8,14
,,,,
01/02/2007 a 28/02/2007,whiterevolution-ne.org,15,2,17
01/02/2007 a 28/02/2007,youtube.com,68,32,100
01/02/2007 a 28/02/2007,pornotube.com,40,4,44
01/02/2007 a 28/02/2007,ig.com.br,9,3,12
01/02/2007 a 28/02/2007,wwworkut.com,22,1,23
01/02/2007 a 28/02/2007,uolk.com.br,9,4,13
01/02/2007 a 28/02/2007,orkut.com,2768,24064,26832
01/02/2007 a 28/02/2007,uol.com.br,27,15,42
01/02/2007 a 28/02/2007,www.orkutcom,8,0,8
01/02/2007 a 28/02/2007,imagefap.com,7,0,7
,,,,
01/03/2007 a 31/03/2007,zip.net,8,7,15
01/03/2007 a 31/03/2007,youtube.com,10,70,80
01/03/2007 a 31/03/2007,pornotube.com,64,27,91
01/03/2007 a 31/03/2007,ig.com.br,7,1,8
01/03/2007 a 31/03/2007,wwworkut.com,212,22,234
01/03/2007 a 31/03/2007,uolk.com.br,8,2,10
01/03/2007 a 31/03/2007,orkut.com,3959,35130,39089
01/03/2007 a 31/03/2007,uol.com.br,18,13,31
01/03/2007 a 31/03/2007,orku.com,23,0,23
,,,,
01/04/2007 a 30/04/2007,youtube.com,13,8,21
01/04/2007 a 30/04/2007,magicvideo.biz,6,5,11
01/04/2007 a 30/04/2007,yahoo.com,7,1,8
01/04/2007 a 30/04/2007,livedoor.jp,8,1,9
01/04/2007 a 30/04/2007,mclt-sites.net,11,67,78
01/04/2007 a 30/04/2007,orkut.com,4840,39328,44168
01/04/2007 a 30/04/2007,uol.com.br,36,24,60
01/04/2007 a 30/04/2007,www.com,8,0,8
01/04/2007 a 30/04/2007,imagefap.com,9,0,9
,,,,
01/05/2007 a 31/05/2007,youtube.com,20,5,25
01/05/2007 a 31/05/2007,orkut.com,5697,55970,61667
01/05/2007 a 31/05/2007,uol.com.br,63,29,92
01/05/2007 a 31/05/2007,littlelupe.com,11,0,11
01/05/2007 a 31/05/2007,lolita2007.com,12,18,30
01/05/2007 a 31/05/2007,locollection.com,8,30,38
01/05/2007 a 31/05/2007,thecrazypedo.com,23,1002,1025
01/05/2007 a 31/05/2007,www.com,9,1,10
01/05/2007 a 31/05/2007,ygirlz.info,7,9,16
,,,,
01/06/2007 a 30/06/2007,youtube.com,26,31,57
01/06/2007 a 30/06/2007,lolalist.info,24,151,175
01/06/2007 a 30/06/2007,imageshack.us,11,36,47
01/06/2007 a 30/06/2007,yahoo.com,18,0,18
01/06/2007 a 30/06/2007,4shared.com,10,15,25
01/06/2007 a 30/06/2007,luziduef.com,17,1,18
01/06/2007 a 30/06/2007,plola.com,7,21,28
01/06/2007 a 30/06/2007,orkut.com,5653,64322,69975
01/06/2007 a 30/06/2007,uol.com.br,47,17,64
,,,,
01/07/2007 a 31/07/2007,nafoto.net,7,6,13
01/07/2007 a 31/07/2007,youtube.com,15,8,23
01/07/2007 a 31/07/2007,depositfiles.com,24,3,27
01/07/2007 a 31/07/2007,geocities.com,12,1,13
01/07/2007 a 31/07/2007,imageshack.us,9,8,17
01/07/2007 a 31/07/2007,rapidshare.com,7,0,7
01/07/2007 a 31/07/2007,orkut.com,5123,71123,76246
01/07/2007 a 31/07/2007,uol.com.br,33,13,46
01/07/2007 a 31/07/2007,littlelupe.com,7,4,11
01/07/2007 a 31/07/2007,imgsrc.ru,9,2,11
,,,,
01/08/2007 a 31/08/2007,youtube.com,17,7,24
01/08/2007 a 31/08/2007,pornotube.com,8,4,12
01/08/2007 a 31/08/2007,imageshack.us,20,42,62
01/08/2007 a 31/08/2007,yahoo.com,14,9,23
01/08/2007 a 31/08/2007,powerscrap.com,43,60,103
01/08/2007 a 31/08/2007,orkut.com,4722,61546,66268
01/08/2007 a 31/08/2007,uol.com.br,23,22,45
01/08/2007 a 31/08/2007,blogger.com,9,28,37
01/08/2007 a 31/08/2007,chueca.com,21,12,33
01/08/2007 a 31/08/2007,orkut.com.br,8,4,12
,,,,
01/09/2007 a 30/09/2007,youtube.com,13,2,15
01/09/2007 a 30/09/2007,yahoo.com,22,4,26
01/09/2007 a 30/09/2007,glamour-new-preview.com,15,23,38
01/09/2007 a 30/09/2007,powerscrap.com,31,113,144
01/09/2007 a 30/09/2007,rapidshare.com,8,0,8
01/09/2007 a 30/09/2007,orkut.com,4269,44106,48375
01/09/2007 a 30/09/2007,uol.com.br,41,15,56
01/09/2007 a 30/09/2007,orku.com,7,0,7
01/09/2007 a 30/09/2007,www.com,14,9,23
,,,,
01/10/2007 a 31/10/2007,nafoto.net,8,0,8
01/10/2007 a 31/10/2007,youtube.com,15,0,15
01/10/2007 a 31/10/2007,imageshack.us,12,2,14
01/10/2007 a 31/10/2007,ucgalleries.com,16,25,41
01/10/2007 a 31/10/2007,rapidshare.com,7,0,7
01/10/2007 a 31/10/2007,clickgratis.com.br,53,5,58
01/10/2007 a 31/10/2007,orkut.com,4410,33542,37952
01/10/2007 a 31/10/2007,uol.com.br,42,24,66
01/10/2007 a 31/10/2007,www.orkutcom,19,0,19
01/10/2007 a 31/10/2007,www.com,113,93,206
,,,,
01/11/2007 a 30/11/2007,pedia.ws,4,0,4
01/11/2007 a 30/11/2007,euodeioomerdil.blogspot.com,5,8,13
01/11/2007 a 30/11/2007,nafoto.net,9,10,19
01/11/2007 a 30/11/2007,youtube.com,13,1,14
01/11/2007 a 30/11/2007,imageshack.us,4,0,4
01/11/2007 a 30/11/2007,orkut.com,6792,51660,58452
01/11/2007 a 30/11/2007,uol.com.br,46,140,186
01/11/2007 a 30/11/2007,blboys.com,4,3,7
01/11/2007 a 30/11/2007,wikipedia.org.br,4,1,5
,,,,
01/12/2007 a 31/12/2007,paran.com,8,50,58
01/12/2007 a 31/12/2007,youtube.com,18,1,19
01/12/2007 a 31/12/2007,imageshack.us,6,0,6
01/12/2007 a 31/12/2007,rapidshare.com,8,0,8
01/12/2007 a 31/12/2007,flickr.com,5,28,33
01/12/2007 a 31/12/2007,110mb.com,24,5,29
01/12/2007 a 31/12/2007,orkut.com,4684,34778,39462
01/12/2007 a 31/12/2007,uol.com.br,32,20,52
01/12/2007 a 31/12/2007,imagebam.com,7,18,25
01/12/2007 a 31/12/2007,imgsrc.ru,9,8,17
,,,,
01/01/2008 a 31/01/2008,youtube.com,18,10,28
01/01/2008 a 31/01/2008,powerscrap.com,28,0,28
01/01/2008 a 31/01/2008,solsem.org,29,4,33
01/01/2008 a 31/01/2008,110mb.com,66,60,126
01/01/2008 a 31/01/2008,orkut.com,5614,37347,42961
01/01/2008 a 31/01/2008,uol.com.br,42,23,65
01/01/2008 a 31/01/2008,chueca.com,16,8,24
01/01/2008 a 31/01/2008,lustbare.info,9,13,22
01/01/2008 a 31/01/2008,imagefap.com,15,0,15
01/01/2008 a 31/01/2008,imgsrc.ru,11,18,29
,,,,
01/02/2008 a 29/02/2008,youtube.com,10,3,13
01/02/2008 a 29/02/2008,imageshack.us,16,2,18
01/02/2008 a 29/02/2008,uploadqueen.com,11,6,17
01/02/2008 a 29/02/2008,usercash.com,25,0,25
01/02/2008 a 29/02/2008,orkut.com,6027,31666,37693
01/02/2008 a 29/02/2008,uol.com.br,35,31,66
01/02/2008 a 29/02/2008,chueca.com,11,4,15
01/02/2008 a 29/02/2008,imagevenue.com,12,0,12
01/02/2008 a 29/02/2008,imagefap.com,17,1,18
01/02/2008 a 29/02/2008,imgsrc.ru,30,2,32
,,,,
01/03/2008 a 31/03/2008,nijiura.com,5,4,9
01/03/2008 a 31/03/2008,youtube.com,23,5,28
01/03/2008 a 31/03/2008,dreamwiz.com,6,1,7
01/03/2008 a 31/03/2008,ig.com.br,6,0,6
01/03/2008 a 31/03/2008,mclt-sites.net,5,3,8
01/03/2008 a 31/03/2008,110mb.com,6,31,37
01/03/2008 a 31/03/2008,orkut.com,5559,34562,40121
01/03/2008 a 31/03/2008,uol.com.br,27,15,42
01/03/2008 a 31/03/2008,imagevenue.com,7,0,7
01/03/2008 a 31/03/2008,imagefap.com,10,1,11
,,,,
01/04/2008 a 30/04/2008,youtube.com,16,3,19
01/04/2008 a 30/04/2008,orkut.com,6129,35645,41774
01/04/2008 a 30/04/2008,uol.com.br,25,19,44
01/04/2008 a 30/04/2008,magazine-fashion.net,7,12,19
01/04/2008 a 30/04/2008,orkut.com.br,82,23,105
01/04/2008 a 30/04/2008,freewebs.com,7,32,39
01/04/2008 a 30/04/2008,vipzax.com,8,1,9
01/04/2008 a 30/04/2008,imagevenue.com,7,5,12
01/04/2008 a 30/04/2008,imagefap.com,8,0,8
,,,,
01/05/2008 a 31/05/2008,youtube.com,27,10,37
01/05/2008 a 31/05/2008,lopix.net,7,1,8
01/05/2008 a 31/05/2008,imageshack.us,8,0,8
01/05/2008 a 31/05/2008,google.com,17,2,19
01/05/2008 a 31/05/2008,orkut.com,6407,46927,53334
01/05/2008 a 31/05/2008,uol.com.br,31,16,47
01/05/2008 a 31/05/2008,orkut.com.br,722,674,1396
01/05/2008 a 31/05/2008,vipzax.com,13,5,18
01/05/2008 a 31/05/2008,imgsrc.ru,19,5,24
,,,,
01/06/2008 a 30/06/2008,youtube.com,43,13,56
01/06/2008 a 30/06/2008,yahoo.com,13,0,13
01/06/2008 a 30/06/2008,rapidshare.com,7,10,17
01/06/2008 a 30/06/2008,uploadqueen.com,21,1,22
01/06/2008 a 30/06/2008,orkut.com,3649,35464,39113
01/06/2008 a 30/06/2008,uol.com.br,68,15,83
01/06/2008 a 30/06/2008,belezaadolescente.blogspot.com,7,31,38
01/06/2008 a 30/06/2008,orkut.com.br,5932,23503,29435
01/06/2008 a 30/06/2008,ucoz.ru,10,0,10
01/06/2008 a 30/06/2008,vipzax.com,9,29,38
,,,,
01/07/2008 a 31/07/2008,youtube.com,64,18,82
01/07/2008 a 31/07/2008,orkut.com,831,23201,24032
01/07/2008 a 31/07/2008,uol.com.br,113,20,133
01/07/2008 a 31/07/2008,orkut.com.br,8433,38855,47288
01/07/2008 a 31/07/2008,yourfilehost.com,9,0,9
01/07/2008 a 31/07/2008,vipzax.com,11,1,12
01/07/2008 a 31/07/2008,gostosastube.com.br,25,7,32
01/07/2008 a 31/07/2008,imagefap.com,8,0,8
01/07/2008 a 31/07/2008,imgsrc.ru,14,1,15
,,,,
01/08/2008 a 31/08/2008,youtube.com,11,4,15
01/08/2008 a 31/08/2008,imageshack.us,5,3,8
01/08/2008 a 31/08/2008,sexpornhost.com,8,3,11
01/08/2008 a 31/08/2008,clickgratis.com.br,6,0,6
01/08/2008 a 31/08/2008,orkut.com,184,13218,13402
01/08/2008 a 31/08/2008,uol.com.br,85,16,101
01/08/2008 a 31/08/2008,badongo.com,7,0,7
01/08/2008 a 31/08/2008,sofuckingfunny.com,6,0,6
01/08/2008 a 31/08/2008,orkut.com.br,6437,36474,42911
01/08/2008 a 31/08/2008,imgsrc.ru,12,3,15
,,,,
01/09/2008 a 30/09/2008,youtube.com,31,4,35
01/09/2008 a 30/09/2008,sexypix.biz,8,0,8
01/09/2008 a 30/09/2008,viplox.com,17,1,18
01/09/2008 a 30/09/2008,lo-reality.cn,11,0,11
01/09/2008 a 30/09/2008,orkut.com,153,9913,10066
01/09/2008 a 30/09/2008,uol.com.br,70,6,76
01/09/2008 a 30/09/2008,sofuckingfunny.com,31,6,37
01/09/2008 a 30/09/2008,greatestsites.biz,11,0,11
01/09/2008 a 30/09/2008,orkut.com.br,6029,36858,42887
01/09/2008 a 30/09/2008,imgsrc.ru,11,3,14
,,,,
01/10/2008 a 31/10/2008,youtube.com,64,4,68
01/10/2008 a 31/10/2008,dreamwiz.com,16,15,31
01/10/2008 a 31/10/2008,yahoo.com,10,0,10
01/10/2008 a 31/10/2008,orkut.com,514,8348,8862
01/10/2008 a 31/10/2008,uol.com.br,128,15,143
01/10/2008 a 31/10/2008,bian.in,43,9,52
01/10/2008 a 31/10/2008,badongo.com,20,0,20
01/10/2008 a 31/10/2008,orkut.com.br,6465,27965,34430
01/10/2008 a 31/10/2008,redtube.com,11,2,13
,,,,
01/11/2008 a 30/11/2008,naturistfreedom.com,9,18,27
01/11/2008 a 30/11/2008,youtube.com,43,16,59
01/11/2008 a 30/11/2008,carlpotterfoll.cn,16,4,20
01/11/2008 a 30/11/2008,orkut.com,272,7708,7980
01/11/2008 a 30/11/2008,uol.com.br,118,18,136
01/11/2008 a 30/11/2008,orkut.com.br,6067,26431,32498
01/11/2008 a 30/11/2008,nqsix.com,7,4,11
01/11/2008 a 30/11/2008,lolpix.cn,9,0,9
01/11/2008 a 30/11/2008,tremworldspicturey.blogspot.com,37,8985,9022
,,,,
01/12/2008 a 31/12/2008,xvideos.com,11,1,12
01/12/2008 a 31/12/2008,youtube.com,12,1,13
01/12/2008 a 31/12/2008,imageshack.us,14,0,14
01/12/2008 a 31/12/2008,yahoo.com,8,1,9
01/12/2008 a 31/12/2008,4shared.com,32,11,43
01/12/2008 a 31/12/2008,orkut.com,321,5384,5705
01/12/2008 a 31/12/2008,uol.com.br,116,18,134
01/12/2008 a 31/12/2008,orkut.com.br,4838,19209,24047
01/12/2008 a 31/12/2008,imagefap.com,10,1,11
,,,,
01/01/2009 a 31/01/2009,winterarea.net,6,0,6
01/01/2009 a 31/01/2009,youtube.com,15,21,36
01/01/2009 a 31/01/2009,imageshack.us,8,0,8
01/01/2009 a 31/01/2009,sapo.pt,7,2,9
01/01/2009 a 31/01/2009,4shared.com,6,4,10
01/01/2009 a 31/01/2009,orkut.com,381,4948,5329
01/01/2009 a 31/01/2009,uol.com.br,132,18,150
01/01/2009 a 31/01/2009,orkut.com.br,4965,19755,24720
01/01/2009 a 31/01/2009,imagebam.com,7,15,22
,,,,
01/02/2009 a 28/02/2009,orkut.cobr,17,0,17
01/02/2009 a 28/02/2009,c.br,15,0,15
01/02/2009 a 28/02/2009,co.br,1605,1475,3080
01/02/2009 a 28/02/2009,youtube.com,51,2,53
01/02/2009 a 28/02/2009,orkut.br,27,0,27
01/02/2009 a 28/02/2009,orkut.com,842,6331,7173
01/02/2009 a 28/02/2009,uol.com.br,120,25,145
01/02/2009 a 28/02/2009,orkut.com.br,4958,19886,24844
01/02/2009 a 28/02/2009,orkut.co,445,281,726
,,,,
01/03/2009 a 31/03/2009,orku.com.br,13,1,14
01/03/2009 a 31/03/2009,co.br,377,328,705
01/03/2009 a 31/03/2009,youtube.com,85,9,94
01/03/2009 a 31/03/2009,m.br,13,3,16
01/03/2009 a 31/03/2009,4shared.com,45,25,70
01/03/2009 a 31/03/2009,orkut.com,612,7087,7699
01/03/2009 a 31/03/2009,uol.com.br,93,18,111
01/03/2009 a 31/03/2009,orkut.com.br,6421,30227,36648
01/03/2009 a 31/03/2009,orkut.co,81,45,126
,,,,
01/04/2009 a 30/04/2009,orku.com.br,14,0,14
01/04/2009 a 30/04/2009,youtube.com,63,4,67
01/04/2009 a 30/04/2009,100nonude.com,9,6,15
01/04/2009 a 30/04/2009,4shared.com,36,4,40
01/04/2009 a 30/04/2009,orkut.com,624,6120,6744
01/04/2009 a 30/04/2009,uol.com.br,102,17,119
01/04/2009 a 30/04/2009,orkut.com.br,5569,32837,38406
01/04/2009 a 30/04/2009,wordpress.com,13,7,20
01/04/2009 a 30/04/2009,world-collections.com,10,3,13
,,,,
01/05/2009 a 31/05/2009,orku.com.br,25,0,25
01/05/2009 a 31/05/2009,youtube.com,88,4,92
01/05/2009 a 31/05/2009,4shared.com,35,8,43
01/05/2009 a 31/05/2009,orkut.com,322,5345,5667
01/05/2009 a 31/05/2009,uol.com.br,108,15,123
01/05/2009 a 31/05/2009,orkut.com.br,5699,40263,45962
01/05/2009 a 31/05/2009,imagebam.com,18,10,28
01/05/2009 a 31/05/2009,wordpress.com,13,5,18
01/05/2009 a 31/05/2009,vilabol.com.br,16,0,16
,,,,
01/06/2009 a 30/06/2009,xvideos.com,12,3,15
01/06/2009 a 30/06/2009,youtube.com,49,17,66
01/06/2009 a 30/06/2009,yahoo.com,29,7,36
01/06/2009 a 30/06/2009,4shared.com,12,8,20
01/06/2009 a 30/06/2009,orkut.com,294,5781,6075
01/06/2009 a 30/06/2009,uol.com.br,106,14,120
01/06/2009 a 30/06/2009,orkut.com.br,4961,35940,40901
01/06/2009 a 30/06/2009,wordpress.com,23,71,94
01/06/2009 a 30/06/2009,lolpix.cn,8,4,12
,,,,
01/07/2009 a 31/07/2009,youtube.com,84,89,173
01/07/2009 a 31/07/2009,yahoo.com,27,0,27
01/07/2009 a 31/07/2009,4shared.com,23,33,56
01/07/2009 a 31/07/2009,orkut.com,271,3999,4270
01/07/2009 a 31/07/2009,uol.com.br,136,137,273
01/07/2009 a 31/07/2009,orkut.com.br,5421,35139,40560
01/07/2009 a 31/07/2009,wordpress.com,15,6,21
01/07/2009 a 31/07/2009,50webs.com,14,2,16
01/07/2009 a 31/07/2009,imgsrc.ru,14,6,20
,,,,
01/08/2009 a 31/08/2009,youtube.com,81,15,96
01/08/2009 a 31/08/2009,yahoo.com,12,0,12
01/08/2009 a 31/08/2009,4shared.com,19,0,19
01/08/2009 a 31/08/2009,orkut.com,906,4641,5547
01/08/2009 a 31/08/2009,uol.com.br,119,35,154
01/08/2009 a 31/08/2009,twitter.com,10,24,34
01/08/2009 a 31/08/2009,orkut.com.br,4924,28267,33191
01/08/2009 a 31/08/2009,wordpress.com,13,2,15
01/08/2009 a 31/08/2009,50webs.com,21,2,23
,,,,
01/09/2009 a 30/09/2009,youtube.com,88,14,102
01/09/2009 a 30/09/2009,imageboard4free.com,15,0,15
01/09/2009 a 30/09/2009,4shared.com,17,34,51
01/09/2009 a 30/09/2009,orkut.com,697,2866,3563
01/09/2009 a 30/09/2009,uol.com.br,101,32,133
01/09/2009 a 30/09/2009,orkut.com.br,5265,28907,34172
01/09/2009 a 30/09/2009,wordpress.com,16,5,21
01/09/2009 a 30/09/2009,50webs.com,26,4,30
01/09/2009 a 30/09/2009,cyanidesuicide.com,20,0,20
,,,,
01/10/2009 a 31/10/2009,youtube.com,105,101,206
01/10/2009 a 31/10/2009,bestzona.ru,20,0,20
01/10/2009 a 31/10/2009,radikal.ru,30,0,30
01/10/2009 a 31/10/2009,orkut.co.in,28,0,28
01/10/2009 a 31/10/2009,yahoo.com,14,11,25
01/10/2009 a 31/10/2009,orkut.com,593,3707,4300
01/10/2009 a 31/10/2009,uol.com.br,113,32,145
01/10/2009 a 31/10/2009,orkut.com.br,4179,29455,33634
01/10/2009 a 31/10/2009,wordpress.com,17,2,19
,,,,
01/11/2009 a 30/11/2009,youtube.com,78,62,140
01/11/2009 a 30/11/2009,brownallbe45.com,33,2,35
01/11/2009 a 30/11/2009,tokario.com,27,0,27
01/11/2009 a 30/11/2009,co.cc,20,12,32
01/11/2009 a 30/11/2009,orkut.com,216,2368,2584
01/11/2009 a 30/11/2009,uol.com.br,128,27,155
01/11/2009 a 30/11/2009,orkut.com.br,4366,24534,28900
01/11/2009 a 30/11/2009,lollysweet.cn,34,7,41
01/11/2009 a 30/11/2009,wordpress.com,30,22,52
,,,,
01/12/2009 a 31/12/2009,youtube.com,79,18,97
01/12/2009 a 31/12/2009,brownallbe45.com,26,0,26
01/12/2009 a 31/12/2009,yahoo.com,22,0,22
01/12/2009 a 31/12/2009,4shared.com,25,4,29
01/12/2009 a 31/12/2009,uol.com.br,142,28,170
01/12/2009 a 31/12/2009,orkut.com,105,2096,2201
01/12/2009 a 31/12/2009,orkut.com.br,3493,20993,24486
01/12/2009 a 31/12/2009,lollysweet.cn,16,0,16
01/12/2009 a 31/12/2009,wordpress.com,29,53,82
,,,,
01/01/2010 a 31/01/2010,youtube.com,63,18,81
01/01/2010 a 31/01/2010,brownallbe45.com,21,2,23
01/01/2010 a 31/01/2010,yahoo.com,53,6,59
01/01/2010 a 31/01/2010,4shared.com,38,6,44
01/01/2010 a 31/01/2010,orkut.com,240,2520,2760
01/01/2010 a 31/01/2010,uol.com.br,138,57,195
01/01/2010 a 31/01/2010,orkut.com.br,3839,26210,30049
01/01/2010 a 31/01/2010,wordpress.com,16,40,56
01/01/2010 a 31/01/2010,50webs.com,12,16,28
,,,,
01/02/2010 a 28/02/2010,fresh-girls.net,24,23,47
01/02/2010 a 28/02/2010,youtube.com,31,22,53
01/02/2010 a 28/02/2010,4shared.com,15,7,22
01/02/2010 a 28/02/2010,orkut.com,350,1245,1595
01/02/2010 a 28/02/2010,uol.com.br,28,13,41
01/02/2010 a 28/02/2010,orkut.com.br,2705,13005,15710
01/02/2010 a 28/02/2010,wordpress.com,11,32,43
01/02/2010 a 28/02/2010,50webs.com,24,9,33
01/02/2010 a 28/02/2010,imagefap.com,22,1,23
,,,,
01/03/2010 a 31/03/2010,xvideos.com,20,11,31
01/03/2010 a 31/03/2010,youtube.com,54,41,95
01/03/2010 a 31/03/2010,tagged.com,20,0,20
01/03/2010 a 31/03/2010,4shared.com,29,5,34
01/03/2010 a 31/03/2010,orkut.com,659,2209,2868
01/03/2010 a 31/03/2010,uol.com.br,46,24,70
01/03/2010 a 31/03/2010,twitter.com,22,558,580
01/03/2010 a 31/03/2010,orkut.com.br,3377,22711,26088
01/03/2010 a 31/03/2010,imagebam.com,22,2,24
,,,,
01/04/2010 a 30/04/2010,youtube.com,142,23,165
01/04/2010 a 30/04/2010,live.com,149,221,370
01/04/2010 a 30/04/2010,bestlolasite.com,90,0,90
01/04/2010 a 30/04/2010,orkut.com,2899,8007,10906
01/04/2010 a 30/04/2010,uol.com.br,62,26,88
01/04/2010 a 30/04/2010,ning.com,102,52,154
01/04/2010 a 30/04/2010,greatestsites.biz,74,1,75
01/04/2010 a 30/04/2010,orkut.com.br,3581,25875,29456
01/04/2010 a 30/04/2010,imagefap.com,140,4,144
01/04/2010 a 30/04/2010,darkpix.ws,90,90,180
,,,,
01/05/2010 a 31/05/2010,terra.com.br,224,4,228
01/05/2010 a 31/05/2010,formspring.me,71,199,270
01/05/2010 a 31/05/2010,xvideos.com,23,13,36
01/05/2010 a 31/05/2010,youtube.com,64,43,107
01/05/2010 a 31/05/2010,yahoo.com,48,1,49
01/05/2010 a 31/05/2010,orkut.com,1573,6885,8458
01/05/2010 a 31/05/2010,uol.com.br,29,20,49
01/05/2010 a 31/05/2010,msn.com,285,3,288
01/05/2010 a 31/05/2010,orkut.com.br,3242,16181,19423
,,,,
01/06/2010 a 30/06/2010,formspring.me,22,43,65
01/06/2010 a 30/06/2010,xvideos.com,37,29,66
01/06/2010 a 30/06/2010,youtube.com,45,24,69
01/06/2010 a 30/06/2010,co.tv,26,32,58
01/06/2010 a 30/06/2010,hipersocial.com,25,1,26
01/06/2010 a 30/06/2010,4shared.com,18,9,27
01/06/2010 a 30/06/2010,orkut.com,959,3984,4943
01/06/2010 a 30/06/2010,uol.com.br,32,30,62
01/06/2010 a 30/06/2010,orkut.com.br,3748,13453,17201
01/06/2010 a 30/06/2010,imagefap.com,19,0,19
,,,,
01/07/2010 a 31/07/2010,formspring.me,37,25,62
01/07/2010 a 31/07/2010,youtube.com,82,55,137
01/07/2010 a 31/07/2010,zoofiliadog.blogspot.com,37,117,154
01/07/2010 a 31/07/2010,4shared.com,39,36,75
01/07/2010 a 31/07/2010,orkut.com,899,2600,3499
01/07/2010 a 31/07/2010,uol.com.br,30,8,38
01/07/2010 a 31/07/2010,livestream.com,28,15,43
01/07/2010 a 31/07/2010,twitter.com,28,20,48
01/07/2010 a 31/07/2010,orkut.com.br,3608,14421,18029
,,,,
01/08/2010 a 31/08/2010,youtube.com,83,35,118
01/08/2010 a 31/08/2010,repon.info,52,0,52
01/08/2010 a 31/08/2010,artn-models.info,72,23310,23382
01/08/2010 a 31/08/2010,fw.nu,47,0,47
01/08/2010 a 31/08/2010,4shared.com,43,8,51
01/08/2010 a 31/08/2010,orkut.com,1298,3640,4938
01/08/2010 a 31/08/2010,uol.com.br,50,17,67
01/08/2010 a 31/08/2010,orkut.com.br,3166,16240,19406
01/08/2010 a 31/08/2010,otelix.biz,45,0,45
01/08/2010 a 31/08/2010,ce.ro,60,0,60
,,,,
01/09/2010 a 30/09/2010,archive.org,27,2,29
01/09/2010 a 30/09/2010,formspring.me,29,36,65
01/09/2010 a 30/09/2010,facebook.com,39,95,134
01/09/2010 a 30/09/2010,youtube.com,84,41,125
01/09/2010 a 30/09/2010,4shared.com,32,7,39
01/09/2010 a 30/09/2010,orkut.com,996,3725,4721
01/09/2010 a 30/09/2010,uol.com.br,35,31,66
01/09/2010 a 30/09/2010,twitter.com,25,9,34
01/09/2010 a 30/09/2010,orkut.com.br,2562,15921,18483
01/09/2010 a 30/09/2010,imgsrc.ru,30,11,41
,,,,
01/10/2010 a 31/10/2010,formspring.me,49,67,116
01/10/2010 a 31/10/2010,youtube.com,108,38,146
01/10/2010 a 31/10/2010,4shared.com,63,184,247
01/10/2010 a 31/10/2010,orkut.com,419,1206,1625
01/10/2010 a 31/10/2010,uol.com.br,38,22,60
01/10/2010 a 31/10/2010,livestream.com,49,45,94
01/10/2010 a 31/10/2010,twitter.com,56,21,77
01/10/2010 a 31/10/2010,orkut.com.br,2857,15153,18010
01/10/2010 a 31/10/2010,imgsrc.ru,67,29,96
,,,,
01/11/2010 a 30/11/2010,facebook.com,93,22,115
01/11/2010 a 30/11/2010,youtube.com,137,286,423
01/11/2010 a 30/11/2010,twitpic.com,71,785,856
01/11/2010 a 30/11/2010,orkut.com,157,533,690
01/11/2010 a 30/11/2010,bp.blogspot.com,77,166,243
01/11/2010 a 30/11/2010,uol.com.br,50,11,61
01/11/2010 a 30/11/2010,twitter.com,1914,14623,16537
01/11/2010 a 30/11/2010,orkut.com.br,2940,15868,18808
01/11/2010 a 30/11/2010,imgsrc.ru,60,12,72
,,,,
01/12/2010 a 31/12/2010,formspring.me,37,35,72
01/12/2010 a 31/12/2010,facebook.com,21,7,28
01/12/2010 a 31/12/2010,youtube.com,95,54,149
01/12/2010 a 31/12/2010,orkut.com,31,441,472
01/12/2010 a 31/12/2010,uol.com.br,25,9,34
01/12/2010 a 31/12/2010,livestream.com,27,9,36
01/12/2010 a 31/12/2010,twitter.com,245,5967,6212
01/12/2010 a 31/12/2010,orkut.com.br,1716,10614,12330
01/12/2010 a 31/12/2010,imgsrc.ru,28,3,31
,,,,
01/01/2011 a 31/01/2011,formspring.me,37,23,60
01/01/2011 a 31/01/2011,extabit.com,26,1,27
01/01/2011 a 31/01/2011,facebook.com,32,6,38
01/01/2011 a 31/01/2011,youtube.com,89,35,124
01/01/2011 a 31/01/2011,orkut.com,13628,323,13951
01/01/2011 a 31/01/2011,uol.com.br,38,75,113
01/01/2011 a 31/01/2011,livestream.com,32,8,40
01/01/2011 a 31/01/2011,twitter.com,155,755,910
01/01/2011 a 31/01/2011,orkut.com.br,2060,8961,11021
01/01/2011 a 31/01/2011,imagefap.com,46,0,46
,,,,
01/02/2011 a 28/02/2011,formspring.me,56,267,323
01/02/2011 a 28/02/2011,facebook.com,32,9,41
01/02/2011 a 28/02/2011,youtube.com,115,37,152
01/02/2011 a 28/02/2011,yahoo.com,22,15,37
01/02/2011 a 28/02/2011,uol.com.br,50,25,75
01/02/2011 a 28/02/2011,orkut.com,27,327,354
01/02/2011 a 28/02/2011,livestream.com,24,16,40
01/02/2011 a 28/02/2011,twitter.com,143,234,377
01/02/2011 a 28/02/2011,orkut.com.br,2275,11806,14081
01/02/2011 a 28/02/2011,imgsrc.ru,52,5,57
,,,,
01/03/2011 a 31/03/2011,formspring.me,33,19,52
01/03/2011 a 31/03/2011,facebook.com,53,22,75
01/03/2011 a 31/03/2011,youtube.com,101,104,205
01/03/2011 a 31/03/2011,yahoo.com,25,5,30
01/03/2011 a 31/03/2011,orkut.com,47,239,286
01/03/2011 a 31/03/2011,twitter.com,156,458,614
01/03/2011 a 31/03/2011,orkut.com.br,1414,7028,8442
01/03/2011 a 31/03/2011,imgsru.ru,21,0,21
01/03/2011 a 31/03/2011,imagearn.com,26,2,28
01/03/2011 a 31/03/2011,imgsrc.ru,262,8,270
,,,,
01/04/2011 a 30/04/2011,facebook.com,139,290,429
01/04/2011 a 30/04/2011,youtube.com,126,73,199
01/04/2011 a 30/04/2011,nm.ru,41,0,41
01/04/2011 a 30/04/2011,orkut.co.in,40,15,55
01/04/2011 a 30/04/2011,yahoo.com,53,2,55
01/04/2011 a 30/04/2011,sapo.pt,39,1,40
01/04/2011 a 30/04/2011,orkut.com,47,199,246
01/04/2011 a 30/04/2011,twitter.com,187,597,784
01/04/2011 a 30/04/2011,orkut.com.br,1814,9570,11384
01/04/2011 a 30/04/2011,imgsru.ru,234,0,234
,,,,
01/05/2011 a 31/05/2011,facebook.com,121,31,152
01/05/2011 a 31/05/2011,youtube.com,111,28,139
01/05/2011 a 31/05/2011,twitpic.com,98,695,793
01/05/2011 a 31/05/2011,4shared.com,44,30,74
01/05/2011 a 31/05/2011,orkut.com,49,286,335
01/05/2011 a 31/05/2011,twitter.com,650,5832,6482
01/05/2011 a 31/05/2011,orkut.com.br,2172,10941,13113
01/05/2011 a 31/05/2011,imgsru.ru,74,2,76
01/05/2011 a 31/05/2011,imgsrc.ru,71,23,94
,,,,
01/06/2011 a 30/06/2011,t.co,54,53,107
01/06/2011 a 30/06/2011,facebook.com,145,225,370
01/06/2011 a 30/06/2011,youtube.com,143,469,612
01/06/2011 a 30/06/2011,4shared.com,38,4,42
01/06/2011 a 30/06/2011,uol.com.br,31,109,140
01/06/2011 a 30/06/2011,twitter.com,242,662,904
01/06/2011 a 30/06/2011,orkut.com.br,1616,8532,10148
01/06/2011 a 30/06/2011,sexoinfantil.blogspot.com,32,6177,6209
01/06/2011 a 30/06/2011,linkbucks.com,89,2,91
01/06/2011 a 30/06/2011,imgsrc.ru,76,21,97
,,,,
01/07/2011 a 31/07/2011,facebook.com,85,36,121
01/07/2011 a 31/07/2011,xvideos.com,30,29,59
01/07/2011 a 31/07/2011,youtube.com,118,60,178
01/07/2011 a 31/07/2011,motherless.com,32,17,49
01/07/2011 a 31/07/2011,videarn.com,43,6,49
01/07/2011 a 31/07/2011,orkut.com,26,178,204
01/07/2011 a 31/07/2011,twitter.com,255,244,499
01/07/2011 a 31/07/2011,orkut.com.br,1805,9955,11760
01/07/2011 a 31/07/2011,imgsru.ru,100,0,100
01/07/2011 a 31/07/2011,imgsrc.ru,93,21,114
,,,,
01/08/2011 a 31/08/2011,facebook.com,113,23,136
01/08/2011 a 31/08/2011,youtube.com,151,163,314
01/08/2011 a 31/08/2011,motherless.com,41,14,55
01/08/2011 a 31/08/2011,videarn.com,28,6,34
01/08/2011 a 31/08/2011,orkut.com,63,265,328
01/08/2011 a 31/08/2011,twitter.com,120,350,470
01/08/2011 a 31/08/2011,orkut.com.br,2442,11627,14069
01/08/2011 a 31/08/2011,imgsru.ru,76,0,76
01/08/2011 a 31/08/2011,wordpress.com,48,207,255
01/08/2011 a 31/08/2011,imgsrc.ru,48,13,61
,,,,
01/09/2011 a 30/09/2011,facebook.com,213,119,332
01/09/2011 a 30/09/2011,xvideos.com,41,34,75
01/09/2011 a 30/09/2011,youtube.com,173,703,876
01/09/2011 a 30/09/2011,live.com,40,5,45
01/09/2011 a 30/09/2011,orkut.com,104,272,376
01/09/2011 a 30/09/2011,google.com.br,61,28,89
01/09/2011 a 30/09/2011,silviokoerich.com,64,4593,4657
01/09/2011 a 30/09/2011,twitter.com,122,134,256
01/09/2011 a 30/09/2011,orkut.com.br,2361,13209,15570
01/09/2011 a 30/09/2011,imgsrc.ru,131,11,142
,,,,
01/10/2011 a 31/10/2011,t.co,69,98,167
01/10/2011 a 31/10/2011,facebook.com,689,921,1610
01/10/2011 a 31/10/2011,youtube.com,159,130,289
01/10/2011 a 31/10/2011,simapedofilia.blogspot.com,46,8451,8497
01/10/2011 a 31/10/2011,orkut.com,62,227,289
01/10/2011 a 31/10/2011,silviokoerich.com,83,2652,2735
01/10/2011 a 31/10/2011,twitter.com,326,1186,1512
01/10/2011 a 31/10/2011,orkut.com.br,2216,8716,10932
01/10/2011 a 31/10/2011,amantezoocba.blogspot.com,45,119,164
01/10/2011 a 31/10/2011,imgsrc.ru,161,350,511
,,,,
01/11/2011 a 30/11/2011,facebook.com,910,2324,3234
01/11/2011 a 30/11/2011,xvideos.com,35,27,62
01/11/2011 a 30/11/2011,youtube.com,190,494,684
01/11/2011 a 30/11/2011,google.com,29,34,63
01/11/2011 a 30/11/2011,orkut.com,65,402,467
01/11/2011 a 30/11/2011,silviokoerich.com,100,2932,3032
01/11/2011 a 30/11/2011,twitter.com,196,530,726
01/11/2011 a 30/11/2011,orkut.com.br,2063,7861,9924
01/11/2011 a 30/11/2011,silviokoerich.org,259,13276,13535
01/11/2011 a 30/11/2011,imgsrc.ru,177,21,198
,,,,
01/12/2011 a 31/12/2011,facebook.com,1810,1174,2984
01/12/2011 a 31/12/2011,xvideos.com,50,20,70
01/12/2011 a 31/12/2011,youtube.com,458,1693,2151
01/12/2011 a 31/12/2011,tumblr.com,71,320,391
01/12/2011 a 31/12/2011,silviokoerich.com,171,23459,23630
01/12/2011 a 31/12/2011,twitter.com,1023,44907,45930
01/12/2011 a 31/12/2011,orkut.com.br,1470,3792,5262
01/12/2011 a 31/12/2011,imagebam.com,82,4,86
01/12/2011 a 31/12/2011,silviokoerich.org,300,15923,16223
01/12/2011 a 31/12/2011,imgsrc.ru,117,21,138
,,,,
01/01/2012 a 31/01/2012,terra.com.br,26,15,41
01/01/2012 a 31/01/2012,facebook.com,419,206,625
01/01/2012 a 31/01/2012,xvideos.com,30,25,55
01/01/2012 a 31/01/2012,youtube.com,165,114,279
01/01/2012 a 31/01/2012,motherless.com,34,7,41
01/01/2012 a 31/01/2012,tumblr.com,69,283,352
01/01/2012 a 31/01/2012,twitter.com,177,1274,1451
01/01/2012 a 31/01/2012,orkut.com.br,1205,5032,6237
01/01/2012 a 31/01/2012,silviokoerich.org,58,836,894
01/01/2012 a 31/01/2012,imgsrc.ru,56,16,72
,,,,
01/02/2012 a 29/02/2012,facebook.com,849,7374,8223
01/02/2012 a 29/02/2012,youtube.com,126,66,192
01/02/2012 a 29/02/2012,fbcdn.net,21,78,99
01/02/2012 a 29/02/2012,tumblr.com,30,8,38
01/02/2012 a 29/02/2012,orkut.com,21,24,45
01/02/2012 a 29/02/2012,twitter.com,134,362,496
01/02/2012 a 29/02/2012,orkut.com.br,749,4551,5300
01/02/2012 a 29/02/2012,silviokoerich.org,49,2279,2328
01/02/2012 a 29/02/2012,wordpress.com,30,21,51
01/02/2012 a 29/02/2012,imgsrc.ru,267,11,278
,,,,
01/03/2012 a 31/03/2012,terra.com.br,32,13,45
01/03/2012 a 31/03/2012,habbo.com.br,31,35,66
01/03/2012 a 31/03/2012,facebook.com,649,538,1187
01/03/2012 a 31/03/2012,youtube.com,231,135,366
01/03/2012 a 31/03/2012,yahoo.com,29,5,34
01/03/2012 a 31/03/2012,twitter.com,167,1487,1654
01/03/2012 a 31/03/2012,orkut.com.br,1096,5357,6453
01/03/2012 a 31/03/2012,silviokoerich.org,33,553,586
01/03/2012 a 31/03/2012,wordpress.com,25,54,79
01/03/2012 a 31/03/2012,imgsrc.ru,138,11,149
,,,,
01/04/2012 a 30/04/2012,terra.com.br,24,23,47
01/04/2012 a 30/04/2012,facebook.com,564,786,1350
01/04/2012 a 30/04/2012,youtube.com,186,57,243
01/04/2012 a 30/04/2012,tumblr.com,46,40,86
01/04/2012 a 30/04/2012,yahoo.com,19,22,41
01/04/2012 a 30/04/2012,twitter.com,151,700,851
01/04/2012 a 30/04/2012,orkut.com.br,1115,3599,4714
01/04/2012 a 30/04/2012,silviokoerich.org,47,1671,1718
01/04/2012 a 30/04/2012,wordpress.com,32,39,71
01/04/2012 a 30/04/2012,imgsrc.ru,36,8,44
,,,,
01/05/2012 a 31/05/2012,facebook.com,687,1378,2065
01/05/2012 a 31/05/2012,xvideos.com,22,11,33
01/05/2012 a 31/05/2012,youtube.com,156,102,258
01/05/2012 a 31/05/2012,tumblr.com,30,243,273
01/05/2012 a 31/05/2012,yahoo.com,21,41,62
01/05/2012 a 31/05/2012,co.cc,25,11,36
01/05/2012 a 31/05/2012,orkut.com,58,69,127
01/05/2012 a 31/05/2012,twitter.com,205,596,801
01/05/2012 a 31/05/2012,orkut.com.br,1401,3533,4934
01/05/2012 a 31/05/2012,imgsrc.ru,91,189,280
,,,,
01/06/2012 a 30/06/2012,facebook.com,543,616,1159
01/06/2012 a 30/06/2012,youtube.com,86,77,163
01/06/2012 a 30/06/2012,jkpos24pl2r3urlw.onion,31,2,33
01/06/2012 a 30/06/2012,defesa-hetero.blogspot.com.br,28,19,47
01/06/2012 a 30/06/2012,yahoo.com,27,14,41
01/06/2012 a 30/06/2012,aimoo.com,32,11,43
01/06/2012 a 30/06/2012,google.com.br,24,2,26
01/06/2012 a 30/06/2012,twitter.com,126,322,448
01/06/2012 a 30/06/2012,orkut.com.br,1462,3155,4617
01/06/2012 a 30/06/2012,imgsrc.ru,47,43,90
,,,,
01/07/2012 a 31/07/2012,facebook.com,1314,5536,6850
01/07/2012 a 31/07/2012,youtube.com,130,46,176
01/07/2012 a 31/07/2012,tumblr.com,226,646,872
01/07/2012 a 31/07/2012,ask.fm,62,107,169
01/07/2012 a 31/07/2012,zoofboy.blogspot.com.br,52,93,145
01/07/2012 a 31/07/2012,orkut.com,52,25,77
01/07/2012 a 31/07/2012,twitter.com,313,974,1287
01/07/2012 a 31/07/2012,xoxotascaninas.blogspot.com.br,100,467,567
01/07/2012 a 31/07/2012,orkut.com.br,1605,3271,4876
01/07/2012 a 31/07/2012,imgsrc.ru,36,29,65
,,,,
01/08/2012 a 31/08/2012,facebook.com,1238,2876,4114
01/08/2012 a 31/08/2012,youtube.com,140,282,422
01/08/2012 a 31/08/2012,tumblr.com,31,68,99
01/08/2012 a 31/08/2012,ask.fm,199,541,740
01/08/2012 a 31/08/2012,orkut.com,53,23,76
01/08/2012 a 31/08/2012,testosterona.blog.br,23,793,816
01/08/2012 a 31/08/2012,twitter.com,130,257,387
01/08/2012 a 31/08/2012,akamaihd.net,39,236,275
01/08/2012 a 31/08/2012,orkut.com.br,2318,4138,6456
01/08/2012 a 31/08/2012,imgsrc.ru,35,42,77
,,,,
01/09/2012 a 30/09/2012,facebook.com,948,1258,2206
01/09/2012 a 30/09/2012,xvideos.com,40,13,53
01/09/2012 a 30/09/2012,youtube.com,113,95,208
01/09/2012 a 30/09/2012,motherless.com,26,5,31
01/09/2012 a 30/09/2012,tumblr.com,31,22,53
01/09/2012 a 30/09/2012,ask.fm,229,566,795
01/09/2012 a 30/09/2012,orkut.com,26,28,54
01/09/2012 a 30/09/2012,uol.com.br,20,10,30
01/09/2012 a 30/09/2012,twitter.com,128,955,1083
01/09/2012 a 30/09/2012,orkut.com.br,1889,2687,4576
,,,,
01/10/2012 a 31/10/2012,kodiefiles.nl,126,2,128
01/10/2012 a 31/10/2012,facebook.com,1636,4494,6130
01/10/2012 a 31/10/2012,xvideos.com,68,38,106
01/10/2012 a 31/10/2012,youtube.com,157,90,247
01/10/2012 a 31/10/2012,minus.com,30,13,43
01/10/2012 a 31/10/2012,uni.me,29,5,34
01/10/2012 a 31/10/2012,tumblr.com,41,34,75
01/10/2012 a 31/10/2012,ask.fm,338,902,1240
01/10/2012 a 31/10/2012,twitter.com,397,1169,1566
01/10/2012 a 31/10/2012,orkut.com.br,2183,2982,5165
,,,,
01/11/2012 a 30/11/2012,facebook.com,1424,3451,4875
01/11/2012 a 30/11/2012,youtube.com,201,221,422
01/11/2012 a 30/11/2012,minus.com,82,74,156
01/11/2012 a 30/11/2012,tumblr.com,64,85,149
01/11/2012 a 30/11/2012,yahoo.com,41,5,46
01/11/2012 a 30/11/2012,ask.fm,387,1225,1612
01/11/2012 a 30/11/2012,twitter.com,144,115,259
01/11/2012 a 30/11/2012,akamaihd.net,33,9,42
01/11/2012 a 30/11/2012,orkut.com.br,1776,3529,5305
01/11/2012 a 30/11/2012,imgsrc.ru,31,12,43
,,,,
01/12/2012 a 31/12/2012,facebook.com,1220,2874,4094
01/12/2012 a 31/12/2012,xvideos.com,48,40,88
01/12/2012 a 31/12/2012,youtube.com,136,107,243
01/12/2012 a 31/12/2012,tumblr.com,88,75,163
01/12/2012 a 31/12/2012,ask.fm,229,395,624
01/12/2012 a 31/12/2012,google.com,18,8,26
01/12/2012 a 31/12/2012,uol.com.br,27,40,67
01/12/2012 a 31/12/2012,twitter.com,169,363,532
01/12/2012 a 31/12/2012,orkut.com.br,1043,1552,2595
01/12/2012 a 31/12/2012,imgsrc.ru,16,9,25
,,,,
01/01/2013 a 31/01/2013,habbo.com.br,233,151,384
01/01/2013 a 31/01/2013,facebook.com,1794,9218,11012
01/01/2013 a 31/01/2013,xvideos.com,38,25,63
01/01/2013 a 31/01/2013,youtube.com,143,81,224
01/01/2013 a 31/01/2013,tumblr.com,62,137,199
01/01/2013 a 31/01/2013,yahoo.com,43,3,46
01/01/2013 a 31/01/2013,ask.fm,250,373,623
01/01/2013 a 31/01/2013,pega-nelas.blogspot.com.br,182,350,532
01/01/2013 a 31/01/2013,twitter.com,254,843,1097
01/01/2013 a 31/01/2013,orkut.com.br,1574,4251,5825
,,,,
01/02/2013 a 28/02/2013,facebook.com,1271,2512,3783
01/02/2013 a 28/02/2013,xvideos.com,45,32,77
01/02/2013 a 28/02/2013,youtube.com,150,57,207
01/02/2013 a 28/02/2013,tumblr.com,81,112,193
01/02/2013 a 28/02/2013,sexibl.com,24,3,27
01/02/2013 a 28/02/2013,yahoo.com,29,5,34
01/02/2013 a 28/02/2013,ask.fm,172,482,654
01/02/2013 a 28/02/2013,twitter.com,125,314,439
01/02/2013 a 28/02/2013,orkut.com.br,1208,5221,6429
01/02/2013 a 28/02/2013,bing.com,23,7,30
,,,,
01/03/2013 a 31/03/2013,facebook.com,2027,6552,8579
01/03/2013 a 31/03/2013,xvideos.com,23,65,88
01/03/2013 a 31/03/2013,youtube.com,186,1035,1221
01/03/2013 a 31/03/2013,fbcdn.net,23,10,33
01/03/2013 a 31/03/2013,tumblr.com,36,38,74
01/03/2013 a 31/03/2013,globo.com,29,22,51
01/03/2013 a 31/03/2013,ask.fm,121,243,364
01/03/2013 a 31/03/2013,putariaemoff.net,33,1,34
01/03/2013 a 31/03/2013,twitter.com,100,228,328
01/03/2013 a 31/03/2013,orkut.com.br,1295,10050,11345
,,,,
01/04/2013 a 30/04/2013,fc2.com,34,12,46
01/04/2013 a 30/04/2013,facebook.com,2315,4453,6768
01/04/2013 a 30/04/2013,xvideos.com,76,20,96
01/04/2013 a 30/04/2013,youtube.com,218,307,525
01/04/2013 a 30/04/2013,tumblr.com,35,45,80
01/04/2013 a 30/04/2013,globo.com,40,27,67
01/04/2013 a 30/04/2013,ask.fm,105,105,210
01/04/2013 a 30/04/2013,twitter.com,84,165,249
01/04/2013 a 30/04/2013,orkut.com.br,817,11298,12115
01/04/2013 a 30/04/2013,vk.com,101,4,105
,,,,
01/05/2013 a 31/05/2013,facebook.com,1470,2706,4176
01/05/2013 a 31/05/2013,xvideos.com,81,27,108
01/05/2013 a 31/05/2013,youtube.com,186,123,309
01/05/2013 a 31/05/2013,tumblr.com,40,42,82
01/05/2013 a 31/05/2013,sexibl.com,217,34,251
01/05/2013 a 31/05/2013,globo.com,43,23,66
01/05/2013 a 31/05/2013,ask.fm,104,144,248
01/05/2013 a 31/05/2013,twitter.com,309,159,468
01/05/2013 a 31/05/2013,orkut.com.br,1023,8851,9874
01/05/2013 a 31/05/2013,vk.com,61,6,67
,,,,
01/06/2013 a 30/06/2013,facebook.com,1577,5462,7039
01/06/2013 a 30/06/2013,xvideos.com,57,20,77
01/06/2013 a 30/06/2013,youtube.com,134,155,289
01/06/2013 a 30/06/2013,tumblr.com,62,26,88
01/06/2013 a 30/06/2013,sexibl.com,276,81,357
01/06/2013 a 30/06/2013,globo.com,30,18,48
01/06/2013 a 30/06/2013,ask.fm,55,86,141
01/06/2013 a 30/06/2013,twitter.com,208,117,325
01/06/2013 a 30/06/2013,orkut.com.br,856,8774,9630
01/06/2013 a 30/06/2013,vk.com,54,7,61
,,,,
01/07/2013 a 31/07/2013,facebook.com,1406,5914,7320
01/07/2013 a 31/07/2013,xvideos.com,58,24,82
01/07/2013 a 31/07/2013,youtube.com,112,50,162
01/07/2013 a 31/07/2013,sexibl.com,151,47,198
01/07/2013 a 31/07/2013,yahoo.com,35,3,38
01/07/2013 a 31/07/2013,ask.fm,57,66,123
01/07/2013 a 31/07/2013,google.com.br,35,51,86
01/07/2013 a 31/07/2013,twitter.com,73,69,142
01/07/2013 a 31/07/2013,orkut.com.br,553,5464,6017
01/07/2013 a 31/07/2013,vk.com,75,14,89
,,,,
01/08/2013 a 31/08/2013,facebook.com,1198,2034,3232
01/08/2013 a 31/08/2013,xvideos.com,108,29,137
01/08/2013 a 31/08/2013,youtube.com,120,129,249
01/08/2013 a 31/08/2013,sexibl.com,67,40,107
01/08/2013 a 31/08/2013,ask.fm,49,51,100
01/08/2013 a 31/08/2013,twitter.com,86,92,178
01/08/2013 a 31/08/2013,akamaihd.net,39,27,66
01/08/2013 a 31/08/2013,orkut.com.br,633,2133,2766
01/08/2013 a 31/08/2013,vk.com,37,9,46
01/08/2013 a 31/08/2013,bufalo.info,81,92,173
,,,,
01/09/2013 a 30/09/2013,homemdebem.org,122,6365,6487
01/09/2013 a 30/09/2013,terra.com.br,34,51,85
01/09/2013 a 30/09/2013,mundorealista.com,29,45,74
01/09/2013 a 30/09/2013,facebook.com,929,1799,2728
01/09/2013 a 30/09/2013,xvideos.com,57,10,67
01/09/2013 a 30/09/2013,youtube.com,91,46,137
01/09/2013 a 30/09/2013,sexibl.com,142,76,218
01/09/2013 a 30/09/2013,twitter.com,62,91,153
01/09/2013 a 30/09/2013,orkut.com.br,660,2970,3630
01/09/2013 a 30/09/2013,bufalo.info,33,1092,1125
,,,,
01/10/2013 a 31/10/2013,homemdebem.org,280,20736,21016
01/10/2013 a 31/10/2013,terra.com.br,70,154,224
01/10/2013 a 31/10/2013,mundorealista.com,74,847,921
01/10/2013 a 31/10/2013,facebook.com,993,1684,2677
01/10/2013 a 31/10/2013,xvideos.com,101,35,136
01/10/2013 a 31/10/2013,youtube.com,110,27,137
01/10/2013 a 31/10/2013,sexibl.com,65,29,94
01/10/2013 a 31/10/2013,twitter.com,86,115,201
01/10/2013 a 31/10/2013,dropbox.com,44,15,59
01/10/2013 a 31/10/2013,orkut.com.br,596,2107,2703
,,,,
01/11/2013 a 30/11/2013,homemdebem.org,44,8110,8154
01/11/2013 a 30/11/2013,terra.com.br,43,38,81
01/11/2013 a 30/11/2013,facebook.com,1118,1569,2687
01/11/2013 a 30/11/2013,xvideos.com,172,76,248
01/11/2013 a 30/11/2013,youtube.com,178,60,238
01/11/2013 a 30/11/2013,ask.fm,51,185,236
01/11/2013 a 30/11/2013,orkut.com,37,12,49
01/11/2013 a 30/11/2013,twitter.com,112,320,432
01/11/2013 a 30/11/2013,orkut.com.br,741,1955,2696
01/11/2013 a 30/11/2013,imgsrc.ru,41,6,47
,,,,
01/12/2013 a 31/12/2013,terra.com.br,94,270,364
01/12/2013 a 31/12/2013,facebook.com,1102,1086,2188
01/12/2013 a 31/12/2013,xvideos.com,80,48,128
01/12/2013 a 31/12/2013,youtube.com,243,7857,8100
01/12/2013 a 31/12/2013,tumblr.com,31,42,73
01/12/2013 a 31/12/2013,ask.fm,30,30,60
01/12/2013 a 31/12/2013,twitter.com,99,521,620
01/12/2013 a 31/12/2013,dropbox.com,32,61,93
01/12/2013 a 31/12/2013,orkut.com.br,419,1694,2113
01/12/2013 a 31/12/2013,imgsrc.ru,28,8,36
,,,,
01/01/2014 a 31/01/2014,homemdebem.org,82,19280,19362
01/01/2014 a 31/01/2014,terra.com.br,51,98,149
01/01/2014 a 31/01/2014,facebook.com,1299,2033,3332
01/01/2014 a 31/01/2014,xvideos.com,111,47,158
01/01/2014 a 31/01/2014,youtube.com,176,1084,1260
01/01/2014 a 31/01/2014,motherless.com,46,4,50
01/01/2014 a 31/01/2014,tumblr.com,52,81,133
01/01/2014 a 31/01/2014,ask.fm,35,82,117
01/01/2014 a 31/01/2014,twitter.com,61,63,124
01/01/2014 a 31/01/2014,orkut.com.br,387,2054,2441
,,,,
01/02/2014 a 28/02/2014,terra.com.br,47,110,157
01/02/2014 a 28/02/2014,facebook.com,1306,2459,3765
01/02/2014 a 28/02/2014,xvideos.com,130,88,218
01/02/2014 a 28/02/2014,youtube.com,86,76,162
01/02/2014 a 28/02/2014,motherless.com,29,3,32
01/02/2014 a 28/02/2014,tumblr.com,37,6268,6305
01/02/2014 a 28/02/2014,twitter.com,200,288,488
01/02/2014 a 28/02/2014,dropbox.com,30,4,34
01/02/2014 a 28/02/2014,orkut.com.br,590,2010,2600
01/02/2014 a 28/02/2014,wordpress.com,75,7342,7417
,,,,
01/03/2014 a 31/03/2014,terra.com.br,44,53,97
01/03/2014 a 31/03/2014,facebook.com,2269,4443,6712
01/03/2014 a 31/03/2014,xvideos.com,176,81,257
01/03/2014 a 31/03/2014,youtube.com,201,737,938
01/03/2014 a 31/03/2014,tumblr.com,46,10,56
01/03/2014 a 31/03/2014,globo.com,29,4,33
01/03/2014 a 31/03/2014,imgur.com,43,46,89
01/03/2014 a 31/03/2014,grandegaroto.com.br,33,16,49
01/03/2014 a 31/03/2014,twitter.com,68,88,156
01/03/2014 a 31/03/2014,orkut.com.br,645,2148,2793
,,,,
01/04/2014 a 30/04/2014,terra.com.br,36,45,81
01/04/2014 a 30/04/2014,facebook.com,1873,3883,5756
01/04/2014 a 30/04/2014,xvideos.com,124,159,283
01/04/2014 a 30/04/2014,youtube.com,168,489,657
01/04/2014 a 30/04/2014,tumblr.com,31,21,52
01/04/2014 a 30/04/2014,globo.com,33,19,52
01/04/2014 a 30/04/2014,imgur.com,30,23,53
01/04/2014 a 30/04/2014,twitter.com,60,61,121
01/04/2014 a 30/04/2014,orkut.com.br,458,2646,3104
01/04/2014 a 30/04/2014,vk.com,25,2,27
,,,,
01/05/2014 a 31/05/2014,terra.com.br,60,39,99
01/05/2014 a 31/05/2014,facebook.com,1535,1819,3354
01/05/2014 a 31/05/2014,xvideos.com,144,82,226
01/05/2014 a 31/05/2014,youtube.com,85,91,176
01/05/2014 a 31/05/2014,tumblr.com,27,5,32
01/05/2014 a 31/05/2014,imgur.com,30,25,55
01/05/2014 a 31/05/2014,google.com,30,13,43
01/05/2014 a 31/05/2014,twitter.com,48,70,118
01/05/2014 a 31/05/2014,dropbox.com,37,5,42
01/05/2014 a 31/05/2014,orkut.com.br,365,1801,2166
,,,,
01/06/2014 a 30/06/2014,terra.com.br,43,49,92
01/06/2014 a 30/06/2014,facebook.com,1745,3411,5156
01/06/2014 a 30/06/2014,xvideos.com,124,80,204
01/06/2014 a 30/06/2014,youtube.com,74,29,103
01/06/2014 a 30/06/2014,tumblr.com,40,23,63
01/06/2014 a 30/06/2014,anuncios-classificados.net,48,12,60
01/06/2014 a 30/06/2014,google.com,36,10,46
01/06/2014 a 30/06/2014,jimdo.com,37,3750,3787
01/06/2014 a 30/06/2014,twitter.com,133,213,346
01/06/2014 a 30/06/2014,orkut.com.br,607,1559,2166
,,,,
01/07/2014 a 31/07/2014,terra.com.br,47,22,69
01/07/2014 a 31/07/2014,facebook.com,1763,1416,3179
01/07/2014 a 31/07/2014,xvideos.com,136,81,217
01/07/2014 a 31/07/2014,youtube.com,97,29,126
01/07/2014 a 31/07/2014,tumblr.com,29,14,43
01/07/2014 a 31/07/2014,google.com,45,5,50
01/07/2014 a 31/07/2014,twitter.com,246,117,363
01/07/2014 a 31/07/2014,dropbox.com,25,8,33
01/07/2014 a 31/07/2014,orkut.com.br,501,281,782
01/07/2014 a 31/07/2014,imgsrc.ru,37,6,43
,,,,
01/08/2014 a 31/08/2014,terra.com.br,55,26,81
01/08/2014 a 31/08/2014,xnxx.com,29,5,34
01/08/2014 a 31/08/2014,facebook.com,1257,1252,2509
01/08/2014 a 31/08/2014,xvideos.com,155,56,211
01/08/2014 a 31/08/2014,novinhas.tv,26,3,29
01/08/2014 a 31/08/2014,youtube.com,124,113,237
01/08/2014 a 31/08/2014,google.com,33,7,40
01/08/2014 a 31/08/2014,uol.com.br,32,31,63
01/08/2014 a 31/08/2014,twitter.com,149,104,253
01/08/2014 a 31/08/2014,orkut.com.br,191,127,318
,,,,
01/09/2014 a 30/09/2014,terra.com.br,65,53,118
01/09/2014 a 30/09/2014,facebook.com,1763,4081,5844
01/09/2014 a 30/09/2014,xvideos.com,120,42,162
01/09/2014 a 30/09/2014,youtube.com,175,937,1112
01/09/2014 a 30/09/2014,imgur.com,33,11,44
01/09/2014 a 30/09/2014,google.com,32,4,36
01/09/2014 a 30/09/2014,google.com.br,30,6,36
01/09/2014 a 30/09/2014,twitter.com,85,71,156
01/09/2014 a 30/09/2014,dropbox.com,35,27,62
01/09/2014 a 30/09/2014,orkut.com.br,194,108,302
,,,,
01/10/2014 a 31/10/2014,instagram.com,141,34,175
01/10/2014 a 31/10/2014,terra.com.br,47,48,95
01/10/2014 a 31/10/2014,facebook.com,10884,5971,16855
01/10/2014 a 31/10/2014,xvideos.com,123,66,189
01/10/2014 a 31/10/2014,youtube.com,210,231,441
01/10/2014 a 31/10/2014,fbcdn.net,69,178,247
01/10/2014 a 31/10/2014,tumblr.com,44,174,218
01/10/2014 a 31/10/2014,google.com,43,13,56
01/10/2014 a 31/10/2014,twitter.com,1225,1450,2675
01/10/2014 a 31/10/2014,akamaihd.net,101,172,273
,,,,
01/11/2014 a 30/11/2014,tioastolfo.com,44,2201,2245
01/11/2014 a 30/11/2014,terra.com.br,23,15,38
01/11/2014 a 30/11/2014,facebook.com,1947,2270,4217
01/11/2014 a 30/11/2014,xvideos.com,131,73,204
01/11/2014 a 30/11/2014,youtube.com,161,118,279
01/11/2014 a 30/11/2014,pixs.ru,23,0,23
01/11/2014 a 30/11/2014,google.com.br,19,71,90
01/11/2014 a 30/11/2014,twitter.com,142,199,341
01/11/2014 a 30/11/2014,dropbox.com,59,15,74
01/11/2014 a 30/11/2014,akamaihd.net,23,3,26
,,,,
01/12/2014 a 31/12/2014,facebook.com,1561,2596,4157
01/12/2014 a 31/12/2014,xvideos.com,179,90,269
01/12/2014 a 31/12/2014,youtube.com,106,86,192
01/12/2014 a 31/12/2014,fbcdn.net,24,14,38
01/12/2014 a 31/12/2014,google.com,32,15,47
01/12/2014 a 31/12/2014,google.com.br,28,32,60
01/12/2014 a 31/12/2014,twitter.com,134,33,167
01/12/2014 a 31/12/2014,spoiledvirgins.com,33,21,54
01/12/2014 a 31/12/2014,dropbox.com,39,7,46
01/12/2014 a 31/12/2014,wordpress.com,52,700,752
,,,,
01/01/2015 a 31/01/2015,boyvidsthnubdaub.onion,32,1,33
01/01/2015 a 31/01/2015,facebook.com,1603,3148,4751
01/01/2015 a 31/01/2015,xvideos.com,193,94,287
01/01/2015 a 31/01/2015,youtube.com,112,80,192
01/01/2015 a 31/01/2015,novinhobareback.blogspot.com.br,161,201,362
01/01/2015 a 31/01/2015,google.com,39,12,51
01/01/2015 a 31/01/2015,yadi.sk,60,5,65
01/01/2015 a 31/01/2015,google.com.br,42,8,50
01/01/2015 a 31/01/2015,twitter.com,183,448,631
01/01/2015 a 31/01/2015,wordpress.com,34,524,558
,,,,
01/02/2015 a 28/02/2015,instagram.com,22,288,310
01/02/2015 a 28/02/2015,facebook.com,1480,12615,14095
01/02/2015 a 28/02/2015,xvideos.com,79,47,126
01/02/2015 a 28/02/2015,youtube.com,112,324,436
01/02/2015 a 28/02/2015,google.com,22,70,92
01/02/2015 a 28/02/2015,yadi.sk,35,6,41
01/02/2015 a 28/02/2015,google.com.br,27,3,30
01/02/2015 a 28/02/2015,pornhub.com,33,18,51
01/02/2015 a 28/02/2015,twitter.com,208,657,865
01/02/2015 a 28/02/2015,dropbox.com,33,15,48
,,,,
01/03/2015 a 31/03/2015,instagram.com,30,112,142
01/03/2015 a 31/03/2015,facebook.com,1522,3606,5128
01/03/2015 a 31/03/2015,xvideos.com,114,43,157
01/03/2015 a 31/03/2015,youtube.com,131,153,284
01/03/2015 a 31/03/2015,socialdub.com,61,278,339
01/03/2015 a 31/03/2015,google.com,24,10,34
01/03/2015 a 31/03/2015,yadi.sk,24,2,26
01/03/2015 a 31/03/2015,uol.com.br,23,69,92
01/03/2015 a 31/03/2015,twitter.com,132,167,299
01/03/2015 a 31/03/2015,imgsrc.ru,26,12,38
,,,,
01/04/2015 a 30/04/2015,tioastolfo.com,70,14725,14795
01/04/2015 a 30/04/2015,facebook.com,1883,2195,4078
01/04/2015 a 30/04/2015,xvideos.com,113,60,173
01/04/2015 a 30/04/2015,youtube.com,212,360,572
01/04/2015 a 30/04/2015,socialdub.com,42,265,307
01/04/2015 a 30/04/2015,globo.com,54,12,66
01/04/2015 a 30/04/2015,google.com,41,13,54
01/04/2015 a 30/04/2015,google.com.br,41,3,44
01/04/2015 a 30/04/2015,twitter.com,253,302,555
01/04/2015 a 30/04/2015,youtu.be,48,32,80
,,,,
01/05/2015 a 31/05/2015,socialcam.com,146,34,180
01/05/2015 a 31/05/2015,facebook.com,1550,2227,3777
01/05/2015 a 31/05/2015,xvideos.com,123,65,188
01/05/2015 a 31/05/2015,youtube.com,137,76,213
01/05/2015 a 31/05/2015,socialdub.com,29,1098,1127
01/05/2015 a 31/05/2015,globo.com,28,10,38
01/05/2015 a 31/05/2015,nomesbrasil.com,31,444,475
01/05/2015 a 31/05/2015,midiamax.com.br,29,0,29
01/05/2015 a 31/05/2015,yadi.sk,48,1,49
01/05/2015 a 31/05/2015,twitter.com,238,173,411
,,,,
01/06/2015 a 30/06/2015,firstanalquest.com,28,7,35
01/06/2015 a 30/06/2015,socialcam.com,99,36,135
01/06/2015 a 30/06/2015,facebook.com,1404,1393,2797
01/06/2015 a 30/06/2015,xvideos.com,101,60,161
01/06/2015 a 30/06/2015,youtube.com,163,492,655
01/06/2015 a 30/06/2015,socialdub.com,130,4640,4770
01/06/2015 a 30/06/2015,globo.com,56,22,78
01/06/2015 a 30/06/2015,imgur.com,28,32,60
01/06/2015 a 30/06/2015,google.com,25,7,32
01/06/2015 a 30/06/2015,twitter.com,112,54,166
,,,,
01/07/2015 a 31/07/2015,tioastolfo.com,65,11211,11276
01/07/2015 a 31/07/2015,socialcam.com,112,29,141
01/07/2015 a 31/07/2015,facebook.com,1666,1956,3622
01/07/2015 a 31/07/2015,xvideos.com,135,112,247
01/07/2015 a 31/07/2015,youtube.com,107,144,251
01/07/2015 a 31/07/2015,socialdub.com,84,1637,1721
01/07/2015 a 31/07/2015,globo.com,55,21,76
01/07/2015 a 31/07/2015,yadi.sk,37,0,37
01/07/2015 a 31/07/2015,twitter.com,175,111,286
01/07/2015 a 31/07/2015,imgsrc.ru,38,7,45
,,,,
01/08/2015 a 31/08/2015,socialcam.com,210,85,295
01/08/2015 a 31/08/2015,facebook.com,2004,10335,12339
01/08/2015 a 31/08/2015,xvideos.com,110,68,178
01/08/2015 a 31/08/2015,youtube.com,133,142,275
01/08/2015 a 31/08/2015,socialdub.com,30,654,684
01/08/2015 a 31/08/2015,globo.com,45,95,140
01/08/2015 a 31/08/2015,google.com,30,10,40
01/08/2015 a 31/08/2015,yadi.sk,29,0,29
01/08/2015 a 31/08/2015,google.com.br,28,1,29
01/08/2015 a 31/08/2015,twitter.com,118,30,148
,,,,
01/09/2015 a 30/09/2015,instagram.com,28,15,43
01/09/2015 a 30/09/2015,facebook.com,1243,1193,2436
01/09/2015 a 30/09/2015,xvideos.com,118,68,186
01/09/2015 a 30/09/2015,youtube.com,124,95,219
01/09/2015 a 30/09/2015,tumblr.com,36,21,57
01/09/2015 a 30/09/2015,socialdub.com,19,63,82
01/09/2015 a 30/09/2015,globo.com,75,51,126
01/09/2015 a 30/09/2015,google.com,53,38,91
01/09/2015 a 30/09/2015,uol.com.br,18,26,44
01/09/2015 a 30/09/2015,twitter.com,136,342,478
,,,,
01/10/2015 a 31/10/2015,instagram.com,37,93,130
01/10/2015 a 31/10/2015,photosugar.com,44,0,44
01/10/2015 a 31/10/2015,facebook.com,1857,5058,6915
01/10/2015 a 31/10/2015,xvideos.com,323,208,531
01/10/2015 a 31/10/2015,youtube.com,128,128,256
01/10/2015 a 31/10/2015,globo.com,81,63,144
01/10/2015 a 31/10/2015,google.com,35,13,48
01/10/2015 a 31/10/2015,twitter.com,423,389,812
01/10/2015 a 31/10/2015,wordpress.com,52,1416,1468
01/10/2015 a 31/10/2015,imgsrc.ru,33,17,50
,,,,
01/11/2015 a 30/11/2015,instagram.com,44,15,59
01/11/2015 a 30/11/2015,photosugar.com,30,0,30
01/11/2015 a 30/11/2015,facebook.com,1957,1853,3810
01/11/2015 a 30/11/2015,xvideos.com,178,117,295
01/11/2015 a 30/11/2015,youtube.com,135,56,191
01/11/2015 a 30/11/2015,doloresaronovich.com,50,2354,2404
01/11/2015 a 30/11/2015,globo.com,75,49,124
01/11/2015 a 30/11/2015,google.com,30,24,54
01/11/2015 a 30/11/2015,twitter.com,542,1824,2366
01/11/2015 a 30/11/2015,imgsrc.ru,41,13,54
,,,,
01/12/2015 a 31/12/2015,instagram.com,378,5339,5717
01/12/2015 a 31/12/2015,terra.com.br,32,55,87
01/12/2015 a 31/12/2015,t.co,30,44,74
01/12/2015 a 31/12/2015,facebook.com,1792,2361,4153
01/12/2015 a 31/12/2015,xvideos.com,145,75,220
01/12/2015 a 31/12/2015,youtube.com,110,64,174
01/12/2015 a 31/12/2015,globo.com,50,29,79
01/12/2015 a 31/12/2015,uol.com.br,34,26,60
01/12/2015 a 31/12/2015,twitter.com,389,610,999
01/12/2015 a 31/12/2015,imgsrc.ru,24,20,44
,,,,
01/01/2016 a 31/01/2016,instagram.com,40,30,70
01/01/2016 a 31/01/2016,reisdocamarote.org,70,11388,11458
01/01/2016 a 31/01/2016,facebook.com,2832,8875,11707
01/01/2016 a 31/01/2016,xvideos.com,182,87,269
01/01/2016 a 31/01/2016,youtube.com,124,73,197
01/01/2016 a 31/01/2016,globo.com,72,82,154
01/01/2016 a 31/01/2016,yahoo.com,39,14,53
01/01/2016 a 31/01/2016,google.com,31,19,50
01/01/2016 a 31/01/2016,pornhub.com,35,8,43
01/01/2016 a 31/01/2016,twitter.com,345,321,666
,,,,
01/02/2016 a 29/02/2016,instagram.com,43,40,83
01/02/2016 a 29/02/2016,facebook.com,2394,10094,12488
01/02/2016 a 29/02/2016,xvideos.com,133,65,198
01/02/2016 a 29/02/2016,youtube.com,181,240,421
01/02/2016 a 29/02/2016,globo.com,45,24,69
01/02/2016 a 29/02/2016,yahoo.com,37,20,57
01/02/2016 a 29/02/2016,google.com,37,13,50
01/02/2016 a 29/02/2016,mallandrinhas.net,32,20,52
01/02/2016 a 29/02/2016,twitter.com,259,149,408
01/02/2016 a 29/02/2016,youtu.be,33,34,67
,,,,
01/03/2016 a 31/03/2016,instagram.com,32,23,55
01/03/2016 a 31/03/2016,facebook.com,1704,1370,3074
01/03/2016 a 31/03/2016,xvideos.com,132,56,188
01/03/2016 a 31/03/2016,youtube.com,165,128,293
01/03/2016 a 31/03/2016,tumblr.com,23,22,45
01/03/2016 a 31/03/2016,globo.com,65,31,96
01/03/2016 a 31/03/2016,yahoo.com,52,18,70
01/03/2016 a 31/03/2016,xhamster.com,24,0,24
01/03/2016 a 31/03/2016,twitter.com,205,130,335
01/03/2016 a 31/03/2016,youtu.be,26,7,33
,,,,
01/04/2016 a 30/04/2016,instagram.com,24,23,47
01/04/2016 a 30/04/2016,facebook.com,1922,2642,4564
01/04/2016 a 30/04/2016,xvideos.com,100,76,176
01/04/2016 a 30/04/2016,youtube.com,118,136,254
01/04/2016 a 30/04/2016,globo.com,37,15,52
01/04/2016 a 30/04/2016,yahoo.com,50,15,65
01/04/2016 a 30/04/2016,google.com,30,20,50
01/04/2016 a 30/04/2016,uol.com.br,27,24,51
01/04/2016 a 30/04/2016,twitter.com,325,255,580
01/04/2016 a 30/04/2016,youtu.be,27,6,33
,,,,
01/05/2016 a 31/05/2016,instagram.com,41,43,84
01/05/2016 a 31/05/2016,t.co,45,296,341
01/05/2016 a 31/05/2016,facebook.com,2685,7188,9873
01/05/2016 a 31/05/2016,xvideos.com,162,86,248
01/05/2016 a 31/05/2016,youtube.com,357,5349,5706
01/05/2016 a 31/05/2016,fbcdn.net,55,32,87
01/05/2016 a 31/05/2016,globo.com,59,32,91
01/05/2016 a 31/05/2016,google.com.br,46,36,82
01/05/2016 a 31/05/2016,twitter.com,567,3510,4077
01/05/2016 a 31/05/2016,youtu.be,40,794,834
,,,,
01/06/2016 a 30/06/2016,instagram.com,35,19,54
01/06/2016 a 30/06/2016,facebook.com,1621,4901,6522
01/06/2016 a 30/06/2016,xvideos.com,142,66,208
01/06/2016 a 30/06/2016,youtube.com,162,912,1074
01/06/2016 a 30/06/2016,tumblr.com,101,34,135
01/06/2016 a 30/06/2016,globo.com,62,88,150
01/06/2016 a 30/06/2016,mail.ru,32,3,35
01/06/2016 a 30/06/2016,google.com.br,38,15,53
01/06/2016 a 30/06/2016,twitter.com,227,604,831
01/06/2016 a 30/06/2016,imgsrc.ru,46,18,64
,,,,
01/07/2016 a 31/07/2016,instagram.com,26,19,45
01/07/2016 a 31/07/2016,facebook.com,1268,1228,2496
01/07/2016 a 31/07/2016,xvideos.com,121,53,174
01/07/2016 a 31/07/2016,youtube.com,120,83,203
01/07/2016 a 31/07/2016,globo.com,69,61,130
01/07/2016 a 31/07/2016,google.com.br,56,14,70
01/07/2016 a 31/07/2016,vitorrentz.in,36,16,52
01/07/2016 a 31/07/2016,twitter.com,134,214,348
01/07/2016 a 31/07/2016,dropbox.com,55,10,65
01/07/2016 a 31/07/2016,imgsrc.ru,27,18,45
,,,,
01/08/2016 a 31/08/2016,instagram.com,37,46,83
01/08/2016 a 31/08/2016,facebook.com,1632,2754,4386
01/08/2016 a 31/08/2016,xvideos.com,96,136,232
01/08/2016 a 31/08/2016,youtube.com,111,191,302
01/08/2016 a 31/08/2016,tumblr.com,43,17,60
01/08/2016 a 31/08/2016,globo.com,32,46,78
01/08/2016 a 31/08/2016,yahoo.com,33,28,61
01/08/2016 a 31/08/2016,google.com.br,55,137,192
01/08/2016 a 31/08/2016,twitter.com,244,833,1077
01/08/2016 a 31/08/2016,dropbox.com,26,30,56
,,,,
01/09/2016 a 30/09/2016,instagram.com,20,34,54
01/09/2016 a 30/09/2016,facebook.com,992,1573,2565
01/09/2016 a 30/09/2016,xvideos.com,79,74,153
01/09/2016 a 30/09/2016,youtube.com,186,1457,1643
01/09/2016 a 30/09/2016,globo.com,31,284,315
01/09/2016 a 30/09/2016,mail.ru,34,6,40
01/09/2016 a 30/09/2016,google.com.br,24,12,36
01/09/2016 a 30/09/2016,pornhub.com,27,18,45
01/09/2016 a 30/09/2016,twitter.com,97,178,275
01/09/2016 a 30/09/2016,youtu.be,31,254,285
,,,,
01/10/2016 a 31/10/2016,xnxx.com,22,5,27
01/10/2016 a 31/10/2016,facebook.com,326,295,621
01/10/2016 a 31/10/2016,xvideos.com,105,55,160
01/10/2016 a 31/10/2016,youtube.com,44,34,78
01/10/2016 a 31/10/2016,yahoo.com,19,51,70
01/10/2016 a 31/10/2016,google.com.br,44,8,52
01/10/2016 a 31/10/2016,pornhub.com,53,22,75
01/10/2016 a 31/10/2016,twitter.com,43,155,198
01/10/2016 a 31/10/2016,dropbox.com,31,18,49
01/10/2016 a 31/10/2016,imgsrc.ru,42,20,62
,,,,
01/11/2016 a 30/11/2016,instagram.com,35,21,56
01/11/2016 a 30/11/2016,terra.com.br,39,18,57
01/11/2016 a 30/11/2016,facebook.com,692,404,1096
01/11/2016 a 30/11/2016,xvideos.com,69,25,94
01/11/2016 a 30/11/2016,youtube.com,139,61,200
01/11/2016 a 30/11/2016,google.com.br,67,5,72
01/11/2016 a 30/11/2016,pornhub.com,59,10,69
01/11/2016 a 30/11/2016,twitter.com,80,56,136
01/11/2016 a 30/11/2016,dropbox.com,46,2,48
01/11/2016 a 30/11/2016,imgsrc.ru,51,16,67
,,,,
01/12/2016 a 31/12/2016,instagram.com,34,26,60
01/12/2016 a 31/12/2016,facebook.com,710,361,1071
01/12/2016 a 31/12/2016,xvideos.com,91,35,126
01/12/2016 a 31/12/2016,youtube.com,100,47,147
01/12/2016 a 31/12/2016,mail.ru,27,8,35
01/12/2016 a 31/12/2016,google.com.br,62,6,68
01/12/2016 a 31/12/2016,pornhub.com,28,7,35
01/12/2016 a 31/12/2016,twitter.com,158,95,253
01/12/2016 a 31/12/2016,dropbox.com,27,7,34
01/12/2016 a 31/12/2016,imgsrc.ru,41,14,55
,,,,
01/01/2017 a 31/01/2017,instagram.com,27,11,38
01/01/2017 a 31/01/2017,facebook.com,835,484,1319
01/01/2017 a 31/01/2017,xvideos.com,121,29,150
01/01/2017 a 31/01/2017,youtube.com,111,31,142
01/01/2017 a 31/01/2017,globo.com,29,31,60
01/01/2017 a 31/01/2017,mail.ru,25,8,33
01/01/2017 a 31/01/2017,google.com.br,69,27,96
01/01/2017 a 31/01/2017,uol.com.br,21,132,153
01/01/2017 a 31/01/2017,twitter.com,139,86,225
01/01/2017 a 31/01/2017,imgsrc.ru,45,19,64
,,,,
01/02/2017 a 28/02/2017,facebook.com,899,1591,2490
01/02/2017 a 28/02/2017,xvideos.com,154,49,203
01/02/2017 a 28/02/2017,youtube.com,161,368,529
01/02/2017 a 28/02/2017,tumblr.com,41,2,43
01/02/2017 a 28/02/2017,google.com.br,34,4,38
01/02/2017 a 28/02/2017,pornhub.com,37,15,52
01/02/2017 a 28/02/2017,twitter.com,221,224,445
01/02/2017 a 28/02/2017,periscope.tv,36,43,79
01/02/2017 a 28/02/2017,imgsrc.ru,40,17,57
01/02/2017 a 28/02/2017,youtu.be,32,50,82
,,,,
01/03/2017 a 31/03/2017,xnxx.com,29,4,33
01/03/2017 a 31/03/2017,facebook.com,834,1020,1854
01/03/2017 a 31/03/2017,xvideos.com,179,31,210
01/03/2017 a 31/03/2017,youtube.com,101,59,160
01/03/2017 a 31/03/2017,google.com,29,7,36
01/03/2017 a 31/03/2017,google.com.br,49,4,53
01/03/2017 a 31/03/2017,uol.com.br,30,31,61
01/03/2017 a 31/03/2017,pornhub.com,37,2,39
01/03/2017 a 31/03/2017,twitter.com,344,81,425
01/03/2017 a 31/03/2017,periscope.tv,27,19,46
,,,,
01/04/2017 a 30/04/2017,instagram.com,42,52,94
01/04/2017 a 30/04/2017,facebook.com,953,782,1735
01/04/2017 a 30/04/2017,xvideos.com,217,58,275
01/04/2017 a 30/04/2017,youtube.com,133,28,161
01/04/2017 a 30/04/2017,pure18.com,39,11,50
01/04/2017 a 30/04/2017,filosofiadoestupro.net,47,6083,6130
01/04/2017 a 30/04/2017,mega.nz,37,5,42
01/04/2017 a 30/04/2017,google.com.br,59,1,60
01/04/2017 a 30/04/2017,twitter.com,345,4071,4416
01/04/2017 a 30/04/2017,imgsrc.ru,47,10,57
,,,,
01/05/2017 a 31/05/2017,instagram.com,41,23,64
01/05/2017 a 31/05/2017,facebook.com,733,957,1690
01/05/2017 a 31/05/2017,xvideos.com,253,72,325
01/05/2017 a 31/05/2017,youtube.com,117,115,232
01/05/2017 a 31/05/2017,pscp.tv,38,18,56
01/05/2017 a 31/05/2017,mega.nz,44,3,47
01/05/2017 a 31/05/2017,google.com.br,89,7,96
01/05/2017 a 31/05/2017,uol.com.br,38,18,56
01/05/2017 a 31/05/2017,pornhub.com,88,16,104
01/05/2017 a 31/05/2017,twitter.com,263,535,798
,,,,
01/06/2017 a 30/06/2017,instagram.com,56,104,160
01/06/2017 a 30/06/2017,whatsapp.com,42,36,78
01/06/2017 a 30/06/2017,facebook.com,626,646,1272
01/06/2017 a 30/06/2017,xvideos.com,174,100,274
01/06/2017 a 30/06/2017,youtube.com,91,41,132
01/06/2017 a 30/06/2017,google.com.br,56,7,63
01/06/2017 a 30/06/2017,uol.com.br,35,33,68
01/06/2017 a 30/06/2017,pornhub.com,61,13,74
01/06/2017 a 30/06/2017,twitter.com,217,114,331
,,,,
01/07/2017 a 31/07/2017,instagram.com,106,40,146
01/07/2017 a 31/07/2017,whatsapp.com,30,12,42
01/07/2017 a 31/07/2017,facebook.com,560,551,1111
01/07/2017 a 31/07/2017,xvideos.com,171,71,242
01/07/2017 a 31/07/2017,youtube.com,83,56,139
01/07/2017 a 31/07/2017,google.com.br,78,13,91
01/07/2017 a 31/07/2017,pornhub.com,91,21,112
01/07/2017 a 31/07/2017,twitter.com,281,332,613
01/07/2017 a 31/07/2017,imagefap.com,38,2,40
01/07/2017 a 31/07/2017,imgsrc.ru,34,39,73
,,,,
01/08/2017 a 31/08/2017,instagram.com,48,165,213
01/08/2017 a 31/08/2017,facebook.com,573,441,1014
01/08/2017 a 31/08/2017,xvideos.com,183,56,239
01/08/2017 a 31/08/2017,youtube.com,94,67,161
01/08/2017 a 31/08/2017,google.com.br,83,7,90
01/08/2017 a 31/08/2017,pornhub.com,48,23,71
01/08/2017 a 31/08/2017,twitter.com,317,145,462
01/08/2017 a 31/08/2017,url-img.link,47,8,55
01/08/2017 a 31/08/2017,imagefap.com,69,4,73
01/08/2017 a 31/08/2017,youtu.be,53,18,71
,,,,
01/09/2017 a 30/09/2017,instagram.com,32,3,35
01/09/2017 a 30/09/2017,facebook.com,552,260,812
01/09/2017 a 30/09/2017,xvideos.com,191,45,236
01/09/2017 a 30/09/2017,youtube.com,90,155,245
01/09/2017 a 30/09/2017,google.com,62,58,120
01/09/2017 a 30/09/2017,google.com.br,244,10,254
01/09/2017 a 30/09/2017,pornhub.com,38,4,42
01/09/2017 a 30/09/2017,twitter.com,238,380,618
01/09/2017 a 30/09/2017,imagefap.com,31,0,31
01/09/2017 a 30/09/2017,imgsrc.ru,33,19,52
,,,,
01/10/2017 a 31/10/2017,xnxx.com,32,4,36
01/10/2017 a 31/10/2017,facebook.com,520,208,728
01/10/2017 a 31/10/2017,xvideos.com,198,58,256
01/10/2017 a 31/10/2017,youtube.com,128,54,182
01/10/2017 a 31/10/2017,4shared.com,75,7,82
01/10/2017 a 31/10/2017,google.com.br,147,4,151
01/10/2017 a 31/10/2017,pornhub.com,32,2,34
01/10/2017 a 31/10/2017,twitter.com,113,42,155
01/10/2017 a 31/10/2017,imagefap.com,98,10,108
01/10/2017 a 31/10/2017,imgsrc.ru,37,24,61
,,,,
01/11/2017 a 30/11/2017,instagram.com,71,60,131
01/11/2017 a 30/11/2017,facebook.com,524,249,773
01/11/2017 a 30/11/2017,xvideos.com,120,43,163
01/11/2017 a 30/11/2017,youtube.com,116,25,141
01/11/2017 a 30/11/2017,4shared.com,84,3,87
01/11/2017 a 30/11/2017,google.com.br,199,13,212
01/11/2017 a 30/11/2017,xhamster.com,54,11,65
01/11/2017 a 30/11/2017,pornhub.com,37,5,42
01/11/2017 a 30/11/2017,twitter.com,166,62,228
01/11/2017 a 30/11/2017,imgbox.com,52,4,56
,,,,
01/12/2017 a 31/12/2017,instagram.com,52,174,226
01/12/2017 a 31/12/2017,facebook.com,429,282,711
01/12/2017 a 31/12/2017,xvideos.com,153,64,217
01/12/2017 a 31/12/2017,youtube.com,63,37,100
01/12/2017 a 31/12/2017,4shared.com,47,6,53
01/12/2017 a 31/12/2017,google.com.br,123,61,184
01/12/2017 a 31/12/2017,xhamster.com,54,12,66
01/12/2017 a 31/12/2017,twitter.com,126,55,181
01/12/2017 a 31/12/2017,imagefap.com,61,7,68
01/12/2017 a 31/12/2017,imgsrc.ru,62,40,102
,,,,
01/01/2018 a 31/01/2018,instagram.com,51,30,81
01/01/2018 a 31/01/2018,riodenojeira.com,228,33885,34113
01/01/2018 a 31/01/2018,t.co,147,3347,3494
01/01/2018 a 31/01/2018,facebook.com,1670,899,2569
01/01/2018 a 31/01/2018,xvideos.com,180,43,223
01/01/2018 a 31/01/2018,youtube.com,95,55,150
01/01/2018 a 31/01/2018,mega.nz,69,7,76
01/01/2018 a 31/01/2018,google.com.br,157,42,199
01/01/2018 a 31/01/2018,twitter.com,151,94,245
01/01/2018 a 31/01/2018,imagefap.com,109,6,115
,,,,
01/02/2018 a 28/02/2018,instagram.com,71,786,857
01/02/2018 a 28/02/2018,facebook.com,524,227,751
01/02/2018 a 28/02/2018,xvideos.com,161,53,214
01/02/2018 a 28/02/2018,youtube.com,109,15,124
01/02/2018 a 28/02/2018,mega.nz,63,9,72
01/02/2018 a 28/02/2018,google.com.br,218,6,224
01/02/2018 a 28/02/2018,pornhub.com,103,12,115
01/02/2018 a 28/02/2018,twitter.com,119,53,172
01/02/2018 a 28/02/2018,imagefap.com,123,16,139
01/02/2018 a 28/02/2018,youtu.be,56,43,99
,,,,
01/03/2018 a 31/03/2018,instagram.com,58,30,88
01/03/2018 a 31/03/2018,facebook.com,746,296,1042
01/03/2018 a 31/03/2018,xvideos.com,220,54,274
01/03/2018 a 31/03/2018,youtube.com,101,17,118
01/03/2018 a 31/03/2018,openload.co,42,4,46
01/03/2018 a 31/03/2018,4shared.com,38,1,39
01/03/2018 a 31/03/2018,google.com.br,76,8,84
01/03/2018 a 31/03/2018,twitter.com,334,119,453
01/03/2018 a 31/03/2018,imagefap.com,160,28,188
01/03/2018 a 31/03/2018,imgsrc.ru,40,24,64
,,,,
01/04/2018 a 30/04/2018,instagram.com,72,223,295
01/04/2018 a 30/04/2018,facebook.com,605,289,894
01/04/2018 a 30/04/2018,xvideos.com,144,32,176
01/04/2018 a 30/04/2018,youtube.com,70,35,105
01/04/2018 a 30/04/2018,tumblr.com,42,11,53
01/04/2018 a 30/04/2018,mega.nz,43,21,64
01/04/2018 a 30/04/2018,google.com.br,118,5,123
01/04/2018 a 30/04/2018,twitter.com,215,69,284
01/04/2018 a 30/04/2018,imagefap.com,50,8,58
01/04/2018 a 30/04/2018,imgsrc.ru,57,39,96
,,,,
01/05/2018 a 31/05/2018,instagram.com,71,391,462
01/05/2018 a 31/05/2018,whatsapp.com,39,29,68
01/05/2018 a 31/05/2018,facebook.com,445,153,598
01/05/2018 a 31/05/2018,xvideos.com,171,40,211
01/05/2018 a 31/05/2018,youtube.com,78,13,91
01/05/2018 a 31/05/2018,google.com.br,104,8,112
01/05/2018 a 31/05/2018,twitter.com,191,447,638
01/05/2018 a 31/05/2018,155chan.top,39,62,101
01/05/2018 a 31/05/2018,vk.com,67,19,86
01/05/2018 a 31/05/2018,imgsrc.ru,64,45,109
,,,,
01/06/2018 a 30/06/2018,instagram.com,42,12,54
01/06/2018 a 30/06/2018,facebook.com,499,419,918
01/06/2018 a 30/06/2018,xvideos.com,99,16,115
01/06/2018 a 30/06/2018,youtube.com,63,17,80
01/06/2018 a 30/06/2018,tumblr.com,52,9,61
01/06/2018 a 30/06/2018,mega.nz,88,11,99
01/06/2018 a 30/06/2018,google.com.br,80,3,83
01/06/2018 a 30/06/2018,pornhub.com,65,13,78
01/06/2018 a 30/06/2018,twitter.com,192,72,264
01/06/2018 a 30/06/2018,riodenojeira.xyz,43,1787,1830
,,,,
01/07/2018 a 31/07/2018,instagram.com,72,21,93
01/07/2018 a 31/07/2018,facebook.com,434,173,607
01/07/2018 a 31/07/2018,xvideos.com,186,59,245
01/07/2018 a 31/07/2018,youtube.com,67,79,146
01/07/2018 a 31/07/2018,tumblr.com,56,4,60
01/07/2018 a 31/07/2018,mega.nz,65,14,79
01/07/2018 a 31/07/2018,mail.ru,59,5,64
01/07/2018 a 31/07/2018,google.com.br,86,9,95
01/07/2018 a 31/07/2018,pornhub.com,51,19,70
01/07/2018 a 31/07/2018,twitter.com,205,77,282
,,,,
01/08/2018 a 31/08/2018,instagram.com,93,361,454
01/08/2018 a 31/08/2018,facebook.com,434,223,657
01/08/2018 a 31/08/2018,xvideos.com,124,31,155
01/08/2018 a 31/08/2018,youtube.com,66,15,81
01/08/2018 a 31/08/2018,tumblr.com,207,15,222
01/08/2018 a 31/08/2018,mega.nz,62,9,71
01/08/2018 a 31/08/2018,mail.ru,51,1,52
01/08/2018 a 31/08/2018,google.com.br,42,2,44
01/08/2018 a 31/08/2018,twitter.com,128,58,186
01/08/2018 a 31/08/2018,imgsrc.ru,43,21,64
,,,,
01/09/2018 a 30/09/2018,instagram.com,200,291,491
01/09/2018 a 30/09/2018,facebook.com,1151,554,1705
01/09/2018 a 30/09/2018,xvideos.com,111,25,136
01/09/2018 a 30/09/2018,youtube.com,97,46,143
01/09/2018 a 30/09/2018,155chan.gr,53,142,195
01/09/2018 a 30/09/2018,tumblr.com,278,33,311
01/09/2018 a 30/09/2018,off-cams.com,44,8,52
01/09/2018 a 30/09/2018,google.com.br,101,15,116
01/09/2018 a 30/09/2018,pornhub.com,72,26,98
01/09/2018 a 30/09/2018,twitter.com,292,110,402
,,,,
01/10/2018 a 31/10/2018,instagram.com,579,1061,1640
01/10/2018 a 31/10/2018,facebook.com,9240,3624,12864
01/10/2018 a 31/10/2018,xvideos.com,152,44,196
01/10/2018 a 31/10/2018,youtube.com,221,56,277
01/10/2018 a 31/10/2018,155chan.gr,80,173,253
01/10/2018 a 31/10/2018,nnhoney.com,78,2,80
01/10/2018 a 31/10/2018,peticaopublica.com.br,953,4945,5898
01/10/2018 a 31/10/2018,google.com.br,67,5,72
01/10/2018 a 31/10/2018,twitter.com,840,534,1374
01/10/2018 a 31/10/2018,youtu.be,96,47,143
,,,,
01/11/2018 a 30/11/2018,instagram.com,180,74,254
01/11/2018 a 30/11/2018,facebook.com,669,464,1133
01/11/2018 a 30/11/2018,xvideos.com,93,35,128
01/11/2018 a 30/11/2018,youtube.com,58,13,71
01/11/2018 a 30/11/2018,155chan.gr,71,162,233
01/11/2018 a 30/11/2018,tumblr.com,47,38,85
01/11/2018 a 30/11/2018,mega.nz,54,18,72
01/11/2018 a 30/11/2018,pornhub.com,49,5,54
01/11/2018 a 30/11/2018,twitter.com,340,398,738
01/11/2018 a 30/11/2018,imgsrc.ru,43,34,77
,,,,
01/12/2018 a 31/12/2018,instagram.com,136,120,256
01/12/2018 a 31/12/2018,whatsapp.com,62,30,92
01/12/2018 a 31/12/2018,facebook.com,654,282,936
01/12/2018 a 31/12/2018,xvideos.com,108,47,155
01/12/2018 a 31/12/2018,155chan.gr,39,123,162
01/12/2018 a 31/12/2018,google.com,46,30,76
01/12/2018 a 31/12/2018,mega.nz,109,28,137
01/12/2018 a 31/12/2018,jpg4.club,44,2,46
01/12/2018 a 31/12/2018,twitter.com,423,179,602
01/12/2018 a 31/12/2018,youtu.be,39,8,47