Período,Idioma,Únicas,Duplicadas,Total
01/01/2006 a 31/01/2006,portuguese,55,1,56
01/01/2006 a 31/01/2006,french,10,0,10
01/01/2006 a 31/01/2006,farsi,3,0,3
01/01/2006 a 31/01/2006,swedish,0,0,0
01/01/2006 a 31/01/2006,russian,9,0,9
01/01/2006 a 31/01/2006,german,2,0,2
01/01/2006 a 31/01/2006,spanish,9,0,9
01/01/2006 a 31/01/2006,dutch,3,0,3
01/01/2006 a 31/01/2006,pinyin,0,0,0
01/01/2006 a 31/01/2006,english,190,0,190
,,,,
01/02/2006 a 28/02/2006,portuguese,47,4,51
01/02/2006 a 28/02/2006,french,10,0,10
01/02/2006 a 28/02/2006,farsi,0,0,0
01/02/2006 a 28/02/2006,swedish,0,0,0
01/02/2006 a 28/02/2006,russian,4,0,4
01/02/2006 a 28/02/2006,german,0,0,0
01/02/2006 a 28/02/2006,spanish,6,0,6
01/02/2006 a 28/02/2006,dutch,8,0,8
01/02/2006 a 28/02/2006,pinyin,0,0,0
01/02/2006 a 28/02/2006,english,198,2,200
,,,,
01/03/2006 a 31/03/2006,portuguese,124,7,131
01/03/2006 a 31/03/2006,french,11,0,11
01/03/2006 a 31/03/2006,farsi,0,0,0
01/03/2006 a 31/03/2006,swedish,0,0,0
01/03/2006 a 31/03/2006,russian,22,78,100
01/03/2006 a 31/03/2006,german,0,0,0
01/03/2006 a 31/03/2006,spanish,12,1,13
01/03/2006 a 31/03/2006,dutch,8,0,8
01/03/2006 a 31/03/2006,pinyin,0,0,0
01/03/2006 a 31/03/2006,english,211,20,231
,,,,
01/04/2006 a 30/04/2006,portuguese,134,46,180
01/04/2006 a 30/04/2006,french,17,2,19
01/04/2006 a 30/04/2006,farsi,0,0,0
01/04/2006 a 30/04/2006,swedish,0,0,0
01/04/2006 a 30/04/2006,russian,7,12,19
01/04/2006 a 30/04/2006,german,3,0,3
01/04/2006 a 30/04/2006,spanish,11,2,13
01/04/2006 a 30/04/2006,dutch,4,2,6
01/04/2006 a 30/04/2006,pinyin,0,0,0
01/04/2006 a 30/04/2006,english,243,103,346
,,,,
01/05/2006 a 31/05/2006,portuguese,100,49,149
01/05/2006 a 31/05/2006,french,6,2,8
01/05/2006 a 31/05/2006,farsi,1,0,1
01/05/2006 a 31/05/2006,swedish,0,0,0
01/05/2006 a 31/05/2006,russian,9,5,14
01/05/2006 a 31/05/2006,german,0,0,0
01/05/2006 a 31/05/2006,spanish,9,7,16
01/05/2006 a 31/05/2006,dutch,4,0,4
01/05/2006 a 31/05/2006,pinyin,0,0,0
01/05/2006 a 31/05/2006,english,197,170,367
,,,,
01/06/2006 a 30/06/2006,portuguese,61,54,115
01/06/2006 a 30/06/2006,french,3,0,3
01/06/2006 a 30/06/2006,farsi,3,0,3
01/06/2006 a 30/06/2006,swedish,0,0,0
01/06/2006 a 30/06/2006,russian,5,1,6
01/06/2006 a 30/06/2006,german,0,0,0
01/06/2006 a 30/06/2006,spanish,5,2,7
01/06/2006 a 30/06/2006,dutch,0,0,0
01/06/2006 a 30/06/2006,pinyin,0,0,0
01/06/2006 a 30/06/2006,english,111,122,233
,,,,
01/07/2006 a 31/07/2006,portuguese,70,31,101
01/07/2006 a 31/07/2006,french,3,1,4
01/07/2006 a 31/07/2006,farsi,0,0,0
01/07/2006 a 31/07/2006,swedish,0,0,0
01/07/2006 a 31/07/2006,russian,4,1,5
01/07/2006 a 31/07/2006,german,4,1,5
01/07/2006 a 31/07/2006,spanish,6,4,10
01/07/2006 a 31/07/2006,dutch,2,3,5
01/07/2006 a 31/07/2006,pinyin,0,0,0
01/07/2006 a 31/07/2006,english,155,239,394
,,,,
01/08/2006 a 31/08/2006,portuguese,78,51,129
01/08/2006 a 31/08/2006,french,7,2,9
01/08/2006 a 31/08/2006,farsi,1,1,2
01/08/2006 a 31/08/2006,swedish,0,0,0
01/08/2006 a 31/08/2006,russian,7,7,14
01/08/2006 a 31/08/2006,german,1,0,1
01/08/2006 a 31/08/2006,spanish,7,3,10
01/08/2006 a 31/08/2006,dutch,4,0,4
01/08/2006 a 31/08/2006,pinyin,0,0,0
01/08/2006 a 31/08/2006,english,152,335,487
,,,,
01/09/2006 a 30/09/2006,portuguese,227,337,564
01/09/2006 a 30/09/2006,french,1,0,1
01/09/2006 a 30/09/2006,farsi,0,0,0
01/09/2006 a 30/09/2006,swedish,1,0,1
01/09/2006 a 30/09/2006,russian,4,2,6
01/09/2006 a 30/09/2006,german,0,0,0
01/09/2006 a 30/09/2006,spanish,4,0,4
01/09/2006 a 30/09/2006,dutch,2,2,4
01/09/2006 a 30/09/2006,pinyin,0,0,0
01/09/2006 a 30/09/2006,english,151,951,1102
,,,,
01/10/2006 a 31/10/2006,portuguese,103,81,184
01/10/2006 a 31/10/2006,french,4,2,6
01/10/2006 a 31/10/2006,farsi,0,0,0
01/10/2006 a 31/10/2006,swedish,0,0,0
01/10/2006 a 31/10/2006,russian,6,17,23
01/10/2006 a 31/10/2006,german,1,0,1
01/10/2006 a 31/10/2006,spanish,3,0,3
01/10/2006 a 31/10/2006,dutch,1,3,4
01/10/2006 a 31/10/2006,pinyin,0,0,0
01/10/2006 a 31/10/2006,english,138,935,1073
,,,,
01/11/2006 a 30/11/2006,portuguese,117,862,979
01/11/2006 a 30/11/2006,french,6,4,10
01/11/2006 a 30/11/2006,farsi,0,0,0
01/11/2006 a 30/11/2006,swedish,0,0,0
01/11/2006 a 30/11/2006,russian,12,32,44
01/11/2006 a 30/11/2006,german,0,0,0
01/11/2006 a 30/11/2006,spanish,4,0,4
01/11/2006 a 30/11/2006,dutch,3,4,7
01/11/2006 a 30/11/2006,pinyin,0,0,0
01/11/2006 a 30/11/2006,english,169,2017,2186
,,,,
01/12/2006 a 31/12/2006,portuguese,100,404,504
01/12/2006 a 31/12/2006,french,3,1,4
01/12/2006 a 31/12/2006,farsi,0,0,0
01/12/2006 a 31/12/2006,swedish,0,0,0
01/12/2006 a 31/12/2006,russian,3,17,20
01/12/2006 a 31/12/2006,german,0,0,0
01/12/2006 a 31/12/2006,spanish,3,0,3
01/12/2006 a 31/12/2006,dutch,0,2,2
01/12/2006 a 31/12/2006,pinyin,0,0,0
01/12/2006 a 31/12/2006,english,114,1020,1134
,,,,
01/01/2007 a 31/01/2007,portuguese,104,157,261
01/01/2007 a 31/01/2007,french,4,0,4
01/01/2007 a 31/01/2007,farsi,1,0,1
01/01/2007 a 31/01/2007,swedish,0,0,0
01/01/2007 a 31/01/2007,russian,3,8,11
01/01/2007 a 31/01/2007,german,0,0,0
01/01/2007 a 31/01/2007,spanish,3,0,3
01/01/2007 a 31/01/2007,dutch,0,1,1
01/01/2007 a 31/01/2007,pinyin,0,0,0
01/01/2007 a 31/01/2007,english,147,501,648
,,,,
01/02/2007 a 28/02/2007,portuguese,114,96,210
01/02/2007 a 28/02/2007,french,3,2,5
01/02/2007 a 28/02/2007,farsi,2,0,2
01/02/2007 a 28/02/2007,swedish,0,0,0
01/02/2007 a 28/02/2007,russian,6,1,7
01/02/2007 a 28/02/2007,german,0,1,1
01/02/2007 a 28/02/2007,spanish,8,3,11
01/02/2007 a 28/02/2007,dutch,0,0,0
01/02/2007 a 28/02/2007,pinyin,0,0,0
01/02/2007 a 28/02/2007,english,188,243,431
,,,,
01/03/2007 a 31/03/2007,portuguese,101,293,394
01/03/2007 a 31/03/2007,french,4,1,5
01/03/2007 a 31/03/2007,farsi,0,0,0
01/03/2007 a 31/03/2007,swedish,0,0,0
01/03/2007 a 31/03/2007,russian,2,1,3
01/03/2007 a 31/03/2007,german,0,0,0
01/03/2007 a 31/03/2007,spanish,6,1,7
01/03/2007 a 31/03/2007,dutch,1,0,1
01/03/2007 a 31/03/2007,pinyin,0,0,0
01/03/2007 a 31/03/2007,english,150,305,455
,,,,
01/04/2007 a 30/04/2007,portuguese,102,227,329
01/04/2007 a 30/04/2007,french,12,6,18
01/04/2007 a 30/04/2007,farsi,0,0,0
01/04/2007 a 30/04/2007,swedish,0,0,0
01/04/2007 a 30/04/2007,russian,9,6,15
01/04/2007 a 30/04/2007,german,2,0,2
01/04/2007 a 30/04/2007,spanish,8,7,15
01/04/2007 a 30/04/2007,dutch,5,3,8
01/04/2007 a 30/04/2007,pinyin,0,0,0
01/04/2007 a 30/04/2007,english,216,604,820
,,,,
01/05/2007 a 31/05/2007,portuguese,148,233,381
01/05/2007 a 31/05/2007,french,16,11,27
01/05/2007 a 31/05/2007,farsi,0,0,0
01/05/2007 a 31/05/2007,swedish,0,0,0
01/05/2007 a 31/05/2007,russian,18,35,53
01/05/2007 a 31/05/2007,german,9,29,38
01/05/2007 a 31/05/2007,spanish,1,1,2
01/05/2007 a 31/05/2007,dutch,3,14,17
01/05/2007 a 31/05/2007,pinyin,0,0,0
01/05/2007 a 31/05/2007,english,353,1428,1781
,,,,
01/06/2007 a 30/06/2007,portuguese,121,151,272
01/06/2007 a 30/06/2007,french,8,3,11
01/06/2007 a 30/06/2007,farsi,1,0,1
01/06/2007 a 30/06/2007,swedish,0,0,0
01/06/2007 a 30/06/2007,russian,10,6,16
01/06/2007 a 30/06/2007,german,3,2,5
01/06/2007 a 30/06/2007,spanish,13,135,148
01/06/2007 a 30/06/2007,dutch,4,9,13
01/06/2007 a 30/06/2007,pinyin,0,0,0
01/06/2007 a 30/06/2007,english,269,565,834
,,,,
01/07/2007 a 31/07/2007,portuguese,139,261,400
01/07/2007 a 31/07/2007,french,6,6,12
01/07/2007 a 31/07/2007,farsi,0,0,0
01/07/2007 a 31/07/2007,swedish,0,0,0
01/07/2007 a 31/07/2007,russian,6,3,9
01/07/2007 a 31/07/2007,german,1,3,4
01/07/2007 a 31/07/2007,spanish,6,39,45
01/07/2007 a 31/07/2007,dutch,1,6,7
01/07/2007 a 31/07/2007,pinyin,0,0,0
01/07/2007 a 31/07/2007,english,247,303,550
,,,,
01/08/2007 a 31/08/2007,portuguese,102,92,194
01/08/2007 a 31/08/2007,french,9,25,34
01/08/2007 a 31/08/2007,farsi,1,0,1
01/08/2007 a 31/08/2007,swedish,0,0,0
01/08/2007 a 31/08/2007,russian,5,22,27
01/08/2007 a 31/08/2007,german,1,2,3
01/08/2007 a 31/08/2007,spanish,6,1,7
01/08/2007 a 31/08/2007,dutch,2,1,3
01/08/2007 a 31/08/2007,pinyin,0,0,0
01/08/2007 a 31/08/2007,english,288,656,944
,,,,
01/09/2007 a 30/09/2007,portuguese,97,79,176
01/09/2007 a 30/09/2007,french,11,4,15
01/09/2007 a 30/09/2007,farsi,0,0,0
01/09/2007 a 30/09/2007,swedish,0,0,0
01/09/2007 a 30/09/2007,russian,6,7,13
01/09/2007 a 30/09/2007,german,6,1,7
01/09/2007 a 30/09/2007,spanish,7,8,15
01/09/2007 a 30/09/2007,dutch,1,0,1
01/09/2007 a 30/09/2007,pinyin,0,0,0
01/09/2007 a 30/09/2007,english,312,412,724
,,,,
01/10/2007 a 31/10/2007,portuguese,145,117,262
01/10/2007 a 31/10/2007,french,7,1,8
01/10/2007 a 31/10/2007,farsi,0,0,0
01/10/2007 a 31/10/2007,swedish,0,0,0
01/10/2007 a 31/10/2007,russian,6,68,74
01/10/2007 a 31/10/2007,german,3,0,3
01/10/2007 a 31/10/2007,spanish,7,3,10
01/10/2007 a 31/10/2007,dutch,1,2,3
01/10/2007 a 31/10/2007,pinyin,0,0,0
01/10/2007 a 31/10/2007,english,329,346,675
,,,,
01/11/2007 a 30/11/2007,portuguese,76,128,204
01/11/2007 a 30/11/2007,french,9,43,52
01/11/2007 a 30/11/2007,farsi,3,0,3
01/11/2007 a 30/11/2007,swedish,0,0,0
01/11/2007 a 30/11/2007,russian,11,2,13
01/11/2007 a 30/11/2007,german,2,3,5
01/11/2007 a 30/11/2007,spanish,6,4,10
01/11/2007 a 30/11/2007,dutch,1,0,1
01/11/2007 a 30/11/2007,pinyin,0,0,0
01/11/2007 a 30/11/2007,english,190,401,591
,,,,
01/12/2007 a 31/12/2007,portuguese,90,142,232
01/12/2007 a 31/12/2007,french,6,30,36
01/12/2007 a 31/12/2007,farsi,0,6,6
01/12/2007 a 31/12/2007,swedish,0,0,0
01/12/2007 a 31/12/2007,russian,9,5,14
01/12/2007 a 31/12/2007,german,3,1,4
01/12/2007 a 31/12/2007,spanish,9,0,9
01/12/2007 a 31/12/2007,dutch,0,0,0
01/12/2007 a 31/12/2007,pinyin,0,0,0
01/12/2007 a 31/12/2007,english,210,319,529
,,,,
01/01/2008 a 31/01/2008,portuguese,83,129,212
01/01/2008 a 31/01/2008,french,16,52,68
01/01/2008 a 31/01/2008,farsi,0,0,0
01/01/2008 a 31/01/2008,swedish,0,0,0
01/01/2008 a 31/01/2008,russian,13,9,22
01/01/2008 a 31/01/2008,german,1,4,5
01/01/2008 a 31/01/2008,spanish,20,5,25
01/01/2008 a 31/01/2008,dutch,1,0,1
01/01/2008 a 31/01/2008,pinyin,0,0,0
01/01/2008 a 31/01/2008,english,326,325,651
,,,,
01/02/2008 a 29/02/2008,portuguese,68,135,203
01/02/2008 a 29/02/2008,french,8,18,26
01/02/2008 a 29/02/2008,farsi,0,0,0
01/02/2008 a 29/02/2008,swedish,0,0,0
01/02/2008 a 29/02/2008,russian,9,9,18
01/02/2008 a 29/02/2008,german,2,6,8
01/02/2008 a 29/02/2008,spanish,3,4,7
01/02/2008 a 29/02/2008,dutch,1,0,1
01/02/2008 a 29/02/2008,pinyin,0,0,0
01/02/2008 a 29/02/2008,english,290,183,473
,,,,
01/03/2008 a 31/03/2008,portuguese,116,110,226
01/03/2008 a 31/03/2008,french,10,3,13
01/03/2008 a 31/03/2008,farsi,1,0,1
01/03/2008 a 31/03/2008,swedish,0,0,0
01/03/2008 a 31/03/2008,russian,6,11,17
01/03/2008 a 31/03/2008,german,2,2,4
01/03/2008 a 31/03/2008,spanish,8,2,10
01/03/2008 a 31/03/2008,dutch,2,0,2
01/03/2008 a 31/03/2008,pinyin,0,0,0
01/03/2008 a 31/03/2008,english,223,193,416
,,,,
01/04/2008 a 30/04/2008,portuguese,109,114,223
01/04/2008 a 30/04/2008,french,9,1,10
01/04/2008 a 30/04/2008,farsi,1,0,1
01/04/2008 a 30/04/2008,swedish,0,0,0
01/04/2008 a 30/04/2008,russian,10,15,25
01/04/2008 a 30/04/2008,german,0,0,0
01/04/2008 a 30/04/2008,spanish,9,2,11
01/04/2008 a 30/04/2008,dutch,1,0,1
01/04/2008 a 30/04/2008,pinyin,0,0,0
01/04/2008 a 30/04/2008,english,292,280,572
,,,,
01/05/2008 a 31/05/2008,portuguese,95,97,192
01/05/2008 a 31/05/2008,french,10,7,17
01/05/2008 a 31/05/2008,farsi,0,0,0
01/05/2008 a 31/05/2008,swedish,0,0,0
01/05/2008 a 31/05/2008,russian,14,14,28
01/05/2008 a 31/05/2008,german,3,1,4
01/05/2008 a 31/05/2008,spanish,7,0,7
01/05/2008 a 31/05/2008,dutch,3,2,5
01/05/2008 a 31/05/2008,pinyin,0,0,0
01/05/2008 a 31/05/2008,english,307,209,516
,,,,
01/06/2008 a 30/06/2008,portuguese,142,297,439
01/06/2008 a 30/06/2008,french,17,29,46
01/06/2008 a 30/06/2008,farsi,0,0,0
01/06/2008 a 30/06/2008,swedish,0,0,0
01/06/2008 a 30/06/2008,russian,19,23,42
01/06/2008 a 30/06/2008,german,2,0,2
01/06/2008 a 30/06/2008,spanish,9,1,10
01/06/2008 a 30/06/2008,dutch,0,0,0
01/06/2008 a 30/06/2008,pinyin,0,0,0
01/06/2008 a 30/06/2008,english,425,338,763
,,,,
01/07/2008 a 31/07/2008,portuguese,176,235,411
01/07/2008 a 31/07/2008,french,16,37,53
01/07/2008 a 31/07/2008,farsi,1,0,1
01/07/2008 a 31/07/2008,swedish,0,0,0
01/07/2008 a 31/07/2008,russian,25,78,103
01/07/2008 a 31/07/2008,german,1,19,20
01/07/2008 a 31/07/2008,spanish,7,5,12
01/07/2008 a 31/07/2008,dutch,2,17,19
01/07/2008 a 31/07/2008,pinyin,0,0,0
01/07/2008 a 31/07/2008,english,418,1107,1525
,,,,
01/08/2008 a 31/08/2008,portuguese,131,207,338
01/08/2008 a 31/08/2008,french,12,84,96
01/08/2008 a 31/08/2008,farsi,0,0,0
01/08/2008 a 31/08/2008,swedish,0,0,0
01/08/2008 a 31/08/2008,russian,17,53,70
01/08/2008 a 31/08/2008,german,2,1,3
01/08/2008 a 31/08/2008,spanish,4,28,32
01/08/2008 a 31/08/2008,dutch,1,43,44
01/08/2008 a 31/08/2008,pinyin,0,0,0
01/08/2008 a 31/08/2008,english,251,1506,1757
,,,,
01/09/2008 a 30/09/2008,portuguese,129,212,341
01/09/2008 a 30/09/2008,french,13,18,31
01/09/2008 a 30/09/2008,farsi,0,0,0
01/09/2008 a 30/09/2008,swedish,0,0,0
01/09/2008 a 30/09/2008,russian,23,43,66
01/09/2008 a 30/09/2008,german,2,13,15
01/09/2008 a 30/09/2008,spanish,12,14,26
01/09/2008 a 30/09/2008,dutch,2,34,36
01/09/2008 a 30/09/2008,pinyin,0,0,0
01/09/2008 a 30/09/2008,english,313,1036,1349
,,,,
01/10/2008 a 31/10/2008,portuguese,206,183,389
01/10/2008 a 31/10/2008,french,31,49,80
01/10/2008 a 31/10/2008,farsi,0,0,0
01/10/2008 a 31/10/2008,swedish,0,0,0
01/10/2008 a 31/10/2008,russian,16,28,44
01/10/2008 a 31/10/2008,german,4,1,5
01/10/2008 a 31/10/2008,spanish,15,24,39
01/10/2008 a 31/10/2008,dutch,6,19,25
01/10/2008 a 31/10/2008,pinyin,0,0,0
01/10/2008 a 31/10/2008,english,454,969,1423
,,,,
01/11/2008 a 30/11/2008,portuguese,205,226,431
01/11/2008 a 30/11/2008,french,18,21,39
01/11/2008 a 30/11/2008,farsi,0,0,0
01/11/2008 a 30/11/2008,swedish,0,0,0
01/11/2008 a 30/11/2008,russian,20,56,76
01/11/2008 a 30/11/2008,german,4,0,4
01/11/2008 a 30/11/2008,spanish,12,25,37
01/11/2008 a 30/11/2008,dutch,1,6,7
01/11/2008 a 30/11/2008,pinyin,0,0,0
01/11/2008 a 30/11/2008,english,476,731,1207
,,,,
01/12/2008 a 31/12/2008,portuguese,194,170,364
01/12/2008 a 31/12/2008,french,25,11,36
01/12/2008 a 31/12/2008,farsi,1,0,1
01/12/2008 a 31/12/2008,swedish,1,0,1
01/12/2008 a 31/12/2008,russian,17,40,57
01/12/2008 a 31/12/2008,german,2,0,2
01/12/2008 a 31/12/2008,spanish,7,9,16
01/12/2008 a 31/12/2008,dutch,3,14,17
01/12/2008 a 31/12/2008,pinyin,0,0,0
01/12/2008 a 31/12/2008,english,425,716,1141
,,,,
01/01/2009 a 31/01/2009,portuguese,170,119,289
01/01/2009 a 31/01/2009,french,16,24,40
01/01/2009 a 31/01/2009,farsi,0,0,0
01/01/2009 a 31/01/2009,swedish,0,0,0
01/01/2009 a 31/01/2009,russian,18,27,45
01/01/2009 a 31/01/2009,german,2,0,2
01/01/2009 a 31/01/2009,spanish,16,13,29
01/01/2009 a 31/01/2009,dutch,2,0,2
01/01/2009 a 31/01/2009,pinyin,0,0,0
01/01/2009 a 31/01/2009,english,357,576,933
,,,,
01/02/2009 a 28/02/2009,portuguese,217,138,355
01/02/2009 a 28/02/2009,french,24,17,41
01/02/2009 a 28/02/2009,farsi,0,1,1
01/02/2009 a 28/02/2009,swedish,0,0,0
01/02/2009 a 28/02/2009,russian,29,50,79
01/02/2009 a 28/02/2009,german,5,1,6
01/02/2009 a 28/02/2009,spanish,17,14,31
01/02/2009 a 28/02/2009,dutch,1,1,2
01/02/2009 a 28/02/2009,pinyin,0,0,0
01/02/2009 a 28/02/2009,english,499,929,1428
,,,,
01/03/2009 a 31/03/2009,portuguese,266,208,474
01/03/2009 a 31/03/2009,french,42,40,82
01/03/2009 a 31/03/2009,farsi,0,14,14
01/03/2009 a 31/03/2009,swedish,0,0,0
01/03/2009 a 31/03/2009,russian,28,61,89
01/03/2009 a 31/03/2009,german,9,7,16
01/03/2009 a 31/03/2009,spanish,13,15,28
01/03/2009 a 31/03/2009,dutch,3,1,4
01/03/2009 a 31/03/2009,pinyin,0,0,0
01/03/2009 a 31/03/2009,english,513,939,1452
,,,,
01/04/2009 a 30/04/2009,portuguese,244,145,389
01/04/2009 a 30/04/2009,french,15,26,41
01/04/2009 a 30/04/2009,farsi,1,1,2
01/04/2009 a 30/04/2009,swedish,0,0,0
01/04/2009 a 30/04/2009,russian,23,33,56
01/04/2009 a 30/04/2009,german,3,3,6
01/04/2009 a 30/04/2009,spanish,14,7,21
01/04/2009 a 30/04/2009,dutch,1,0,1
01/04/2009 a 30/04/2009,pinyin,0,0,0
01/04/2009 a 30/04/2009,english,596,690,1286
,,,,
01/05/2009 a 31/05/2009,portuguese,300,208,508
01/05/2009 a 31/05/2009,french,21,14,35
01/05/2009 a 31/05/2009,farsi,0,0,0
01/05/2009 a 31/05/2009,swedish,0,0,0
01/05/2009 a 31/05/2009,russian,23,9,32
01/05/2009 a 31/05/2009,german,2,2,4
01/05/2009 a 31/05/2009,spanish,11,8,19
01/05/2009 a 31/05/2009,dutch,2,3,5
01/05/2009 a 31/05/2009,pinyin,0,0,0
01/05/2009 a 31/05/2009,english,496,393,889
,,,,
01/06/2009 a 30/06/2009,portuguese,245,170,415
01/06/2009 a 30/06/2009,french,17,20,37
01/06/2009 a 30/06/2009,farsi,0,0,0
01/06/2009 a 30/06/2009,swedish,0,0,0
01/06/2009 a 30/06/2009,russian,26,20,46
01/06/2009 a 30/06/2009,german,2,11,13
01/06/2009 a 30/06/2009,spanish,18,4,22
01/06/2009 a 30/06/2009,dutch,2,3,5
01/06/2009 a 30/06/2009,pinyin,0,0,0
01/06/2009 a 30/06/2009,english,541,494,1035
,,,,
01/07/2009 a 31/07/2009,portuguese,237,290,527
01/07/2009 a 31/07/2009,french,26,17,43
01/07/2009 a 31/07/2009,farsi,1,0,1
01/07/2009 a 31/07/2009,swedish,0,0,0
01/07/2009 a 31/07/2009,russian,28,30,58
01/07/2009 a 31/07/2009,german,4,3,7
01/07/2009 a 31/07/2009,spanish,13,15,28
01/07/2009 a 31/07/2009,dutch,0,0,0
01/07/2009 a 31/07/2009,pinyin,0,0,0
01/07/2009 a 31/07/2009,english,508,433,941
,,,,
01/08/2009 a 31/08/2009,portuguese,267,179,446
01/08/2009 a 31/08/2009,french,16,12,28
01/08/2009 a 31/08/2009,farsi,1,0,1
01/08/2009 a 31/08/2009,swedish,0,0,0
01/08/2009 a 31/08/2009,russian,28,30,58
01/08/2009 a 31/08/2009,german,5,5,10
01/08/2009 a 31/08/2009,spanish,21,20,41
01/08/2009 a 31/08/2009,dutch,5,1,6
01/08/2009 a 31/08/2009,pinyin,0,0,0
01/08/2009 a 31/08/2009,english,502,417,919
,,,,
01/09/2009 a 30/09/2009,portuguese,257,197,454
01/09/2009 a 30/09/2009,french,29,12,41
01/09/2009 a 30/09/2009,farsi,0,0,0
01/09/2009 a 30/09/2009,swedish,0,0,0
01/09/2009 a 30/09/2009,russian,34,127,161
01/09/2009 a 30/09/2009,german,6,3,9
01/09/2009 a 30/09/2009,spanish,10,40,50
01/09/2009 a 30/09/2009,dutch,7,0,7
01/09/2009 a 30/09/2009,pinyin,0,0,0
01/09/2009 a 30/09/2009,english,552,461,1013
,,,,
01/10/2009 a 31/10/2009,portuguese,351,300,651
01/10/2009 a 31/10/2009,french,25,7,32
01/10/2009 a 31/10/2009,farsi,3,3,6
01/10/2009 a 31/10/2009,swedish,0,0,0
01/10/2009 a 31/10/2009,russian,47,137,184
01/10/2009 a 31/10/2009,german,5,0,5
01/10/2009 a 31/10/2009,spanish,31,27,58
01/10/2009 a 31/10/2009,dutch,5,1,6
01/10/2009 a 31/10/2009,pinyin,0,0,0
01/10/2009 a 31/10/2009,english,689,658,1347
,,,,
01/11/2009 a 30/11/2009,portuguese,391,418,809
01/11/2009 a 30/11/2009,french,36,49,85
01/11/2009 a 30/11/2009,farsi,0,0,0
01/11/2009 a 30/11/2009,swedish,0,0,0
01/11/2009 a 30/11/2009,russian,62,26,88
01/11/2009 a 30/11/2009,german,7,16,23
01/11/2009 a 30/11/2009,spanish,21,23,44
01/11/2009 a 30/11/2009,dutch,6,6,12
01/11/2009 a 30/11/2009,pinyin,0,0,0
01/11/2009 a 30/11/2009,english,754,742,1496
,,,,
01/12/2009 a 31/12/2009,portuguese,315,442,757
01/12/2009 a 31/12/2009,french,32,21,53
01/12/2009 a 31/12/2009,farsi,0,2,2
01/12/2009 a 31/12/2009,swedish,0,0,0
01/12/2009 a 31/12/2009,russian,57,72,129
01/12/2009 a 31/12/2009,german,8,7,15
01/12/2009 a 31/12/2009,spanish,30,30,60
01/12/2009 a 31/12/2009,dutch,1,3,4
01/12/2009 a 31/12/2009,pinyin,0,0,0
01/12/2009 a 31/12/2009,english,782,931,1713
,,,,
01/01/2010 a 31/01/2010,portuguese,304,393,697
01/01/2010 a 31/01/2010,french,21,11,32
01/01/2010 a 31/01/2010,farsi,1,0,1
01/01/2010 a 31/01/2010,swedish,0,0,0
01/01/2010 a 31/01/2010,russian,43,51,94
01/01/2010 a 31/01/2010,german,2,1,3
01/01/2010 a 31/01/2010,spanish,25,26,51
01/01/2010 a 31/01/2010,dutch,4,4,8
01/01/2010 a 31/01/2010,pinyin,0,0,0
01/01/2010 a 31/01/2010,english,677,639,1316
,,,,
01/02/2010 a 28/02/2010,portuguese,165,176,341
01/02/2010 a 28/02/2010,french,26,20,46
01/02/2010 a 28/02/2010,farsi,0,0,0
01/02/2010 a 28/02/2010,swedish,0,0,0
01/02/2010 a 28/02/2010,russian,25,24,49
01/02/2010 a 28/02/2010,german,7,4,11
01/02/2010 a 28/02/2010,spanish,20,22,42
01/02/2010 a 28/02/2010,dutch,1,0,1
01/02/2010 a 28/02/2010,pinyin,0,0,0
01/02/2010 a 28/02/2010,english,487,470,957
,,,,
01/03/2010 a 31/03/2010,portuguese,361,388,749
01/03/2010 a 31/03/2010,french,40,23,63
01/03/2010 a 31/03/2010,farsi,0,0,0
01/03/2010 a 31/03/2010,swedish,0,0,0
01/03/2010 a 31/03/2010,russian,26,38,64
01/03/2010 a 31/03/2010,german,1,1,2
01/03/2010 a 31/03/2010,spanish,19,20,39
01/03/2010 a 31/03/2010,dutch,1,3,4
01/03/2010 a 31/03/2010,pinyin,0,0,0
01/03/2010 a 31/03/2010,english,631,1071,1702
,,,,
01/04/2010 a 30/04/2010,portuguese,889,739,1628
01/04/2010 a 30/04/2010,french,55,107,162
01/04/2010 a 30/04/2010,farsi,2,13,15
01/04/2010 a 30/04/2010,swedish,0,0,0
01/04/2010 a 30/04/2010,russian,62,70,132
01/04/2010 a 30/04/2010,german,16,3,19
01/04/2010 a 30/04/2010,spanish,57,60,117
01/04/2010 a 30/04/2010,dutch,3,15,18
01/04/2010 a 30/04/2010,pinyin,0,0,0
01/04/2010 a 30/04/2010,english,1467,2077,3544
,,,,
01/05/2010 a 31/05/2010,portuguese,1000,407,1407
01/05/2010 a 31/05/2010,french,46,30,76
01/05/2010 a 31/05/2010,farsi,1,0,1
01/05/2010 a 31/05/2010,swedish,0,0,0
01/05/2010 a 31/05/2010,russian,28,47,75
01/05/2010 a 31/05/2010,german,6,2,8
01/05/2010 a 31/05/2010,spanish,45,29,74
01/05/2010 a 31/05/2010,dutch,2,1,3
01/05/2010 a 31/05/2010,pinyin,0,0,0
01/05/2010 a 31/05/2010,english,886,843,1729
,,,,
01/06/2010 a 30/06/2010,portuguese,458,406,864
01/06/2010 a 30/06/2010,french,43,50,93
01/06/2010 a 30/06/2010,farsi,1,0,1
01/06/2010 a 30/06/2010,swedish,0,0,0
01/06/2010 a 30/06/2010,russian,21,33,54
01/06/2010 a 30/06/2010,german,8,3,11
01/06/2010 a 30/06/2010,spanish,19,7,26
01/06/2010 a 30/06/2010,dutch,1,1,2
01/06/2010 a 30/06/2010,pinyin,0,0,0
01/06/2010 a 30/06/2010,english,679,602,1281
,,,,
01/07/2010 a 31/07/2010,portuguese,655,1077,1732
01/07/2010 a 31/07/2010,french,36,28,64
01/07/2010 a 31/07/2010,farsi,0,0,0
01/07/2010 a 31/07/2010,swedish,0,0,0
01/07/2010 a 31/07/2010,russian,55,119,174
01/07/2010 a 31/07/2010,german,2,1,3
01/07/2010 a 31/07/2010,spanish,36,22,58
01/07/2010 a 31/07/2010,dutch,3,2,5
01/07/2010 a 31/07/2010,pinyin,0,0,0
01/07/2010 a 31/07/2010,english,870,730,1600
,,,,
01/08/2010 a 31/08/2010,portuguese,743,641,1384
01/08/2010 a 31/08/2010,french,108,110,218
01/08/2010 a 31/08/2010,farsi,28,0,28
01/08/2010 a 31/08/2010,swedish,0,0,0
01/08/2010 a 31/08/2010,russian,97,85,182
01/08/2010 a 31/08/2010,german,20,6,26
01/08/2010 a 31/08/2010,spanish,47,25,72
01/08/2010 a 31/08/2010,dutch,25,3,28
01/08/2010 a 31/08/2010,pinyin,0,0,0
01/08/2010 a 31/08/2010,english,2213,1771,3984
,,,,
01/09/2010 a 30/09/2010,portuguese,524,519,1043
01/09/2010 a 30/09/2010,french,60,44,104
01/09/2010 a 30/09/2010,farsi,0,0,0
01/09/2010 a 30/09/2010,swedish,0,0,0
01/09/2010 a 30/09/2010,russian,57,70,127
01/09/2010 a 30/09/2010,german,12,1,13
01/09/2010 a 30/09/2010,spanish,42,12,54
01/09/2010 a 30/09/2010,dutch,1,1,2
01/09/2010 a 30/09/2010,pinyin,0,0,0
01/09/2010 a 30/09/2010,english,912,981,1893
,,,,
01/10/2010 a 31/10/2010,portuguese,630,419,1049
01/10/2010 a 31/10/2010,french,58,47,105
01/10/2010 a 31/10/2010,farsi,3,0,3
01/10/2010 a 31/10/2010,swedish,0,0,0
01/10/2010 a 31/10/2010,russian,58,56,114
01/10/2010 a 31/10/2010,german,7,3,10
01/10/2010 a 31/10/2010,spanish,26,20,46
01/10/2010 a 31/10/2010,dutch,0,1,1
01/10/2010 a 31/10/2010,pinyin,0,0,0
01/10/2010 a 31/10/2010,english,944,990,1934
,,,,
01/11/2010 a 30/11/2010,portuguese,811,1546,2357
01/11/2010 a 30/11/2010,french,45,43,88
01/11/2010 a 30/11/2010,farsi,2,0,2
01/11/2010 a 30/11/2010,swedish,0,0,0
01/11/2010 a 30/11/2010,russian,56,85,141
01/11/2010 a 30/11/2010,german,9,2,11
01/11/2010 a 30/11/2010,spanish,36,22,58
01/11/2010 a 30/11/2010,dutch,0,0,0
01/11/2010 a 30/11/2010,pinyin,0,0,0
01/11/2010 a 30/11/2010,english,2906,16670,19576
,,,,
01/12/2010 a 31/12/2010,portuguese,568,654,1222
01/12/2010 a 31/12/2010,french,54,98,152
01/12/2010 a 31/12/2010,farsi,0,0,0
01/12/2010 a 31/12/2010,swedish,0,0,0
01/12/2010 a 31/12/2010,russian,45,29,74
01/12/2010 a 31/12/2010,german,7,0,7
01/12/2010 a 31/12/2010,spanish,24,14,38
01/12/2010 a 31/12/2010,dutch,2,0,2
01/12/2010 a 31/12/2010,pinyin,0,0,0
01/12/2010 a 31/12/2010,english,959,6537,7496
,,,,
01/01/2011 a 31/01/2011,portuguese,649,624,1273
01/01/2011 a 31/01/2011,french,51,22,73
01/01/2011 a 31/01/2011,farsi,0,0,0
01/01/2011 a 31/01/2011,swedish,0,0,0
01/01/2011 a 31/01/2011,russian,44,23,67
01/01/2011 a 31/01/2011,german,8,4,12
01/01/2011 a 31/01/2011,spanish,38,23,61
01/01/2011 a 31/01/2011,dutch,4,0,4
01/01/2011 a 31/01/2011,pinyin,0,0,0
01/01/2011 a 31/01/2011,english,914,1408,2322
,,,,
01/02/2011 a 28/02/2011,portuguese,687,668,1355
01/02/2011 a 28/02/2011,french,53,21,74
01/02/2011 a 28/02/2011,farsi,1,0,1
01/02/2011 a 28/02/2011,swedish,1,0,1
01/02/2011 a 28/02/2011,russian,55,41,96
01/02/2011 a 28/02/2011,german,3,2,5
01/02/2011 a 28/02/2011,spanish,43,31,74
01/02/2011 a 28/02/2011,dutch,10,3,13
01/02/2011 a 28/02/2011,pinyin,0,0,0
01/02/2011 a 28/02/2011,english,817,1192,2009
,,,,
01/03/2011 a 31/03/2011,portuguese,597,458,1055
01/03/2011 a 31/03/2011,french,55,37,92
01/03/2011 a 31/03/2011,farsi,0,0,0
01/03/2011 a 31/03/2011,swedish,5,0,5
01/03/2011 a 31/03/2011,russian,80,46,126
01/03/2011 a 31/03/2011,german,10,1,11
01/03/2011 a 31/03/2011,spanish,43,20,63
01/03/2011 a 31/03/2011,dutch,42,2,44
01/03/2011 a 31/03/2011,pinyin,0,0,0
01/03/2011 a 31/03/2011,english,1070,980,2050
,,,,
01/04/2011 a 30/04/2011,portuguese,998,728,1726
01/04/2011 a 30/04/2011,french,130,33,163
01/04/2011 a 30/04/2011,farsi,6,0,6
01/04/2011 a 30/04/2011,swedish,6,0,6
01/04/2011 a 30/04/2011,russian,119,42,161
01/04/2011 a 30/04/2011,german,12,1,13
01/04/2011 a 30/04/2011,spanish,67,19,86
01/04/2011 a 30/04/2011,dutch,175,4,179
01/04/2011 a 30/04/2011,pinyin,0,0,0
01/04/2011 a 30/04/2011,english,1694,1338,3032
,,,,
01/05/2011 a 31/05/2011,portuguese,1411,6213,7624
01/05/2011 a 31/05/2011,french,52,31,83
01/05/2011 a 31/05/2011,farsi,1,0,1
01/05/2011 a 31/05/2011,swedish,1,0,1
01/05/2011 a 31/05/2011,russian,86,72,158
01/05/2011 a 31/05/2011,german,7,0,7
01/05/2011 a 31/05/2011,spanish,40,25,65
01/05/2011 a 31/05/2011,dutch,6,11,17
01/05/2011 a 31/05/2011,pinyin,0,0,0
01/05/2011 a 31/05/2011,english,1293,2157,3450
,,,,
01/06/2011 a 30/06/2011,portuguese,1184,8826,10010
01/06/2011 a 30/06/2011,french,41,29,70
01/06/2011 a 30/06/2011,farsi,2,0,2
01/06/2011 a 30/06/2011,swedish,0,0,0
01/06/2011 a 30/06/2011,russian,83,34,117
01/06/2011 a 30/06/2011,german,3,0,3
01/06/2011 a 30/06/2011,spanish,46,48,94
01/06/2011 a 30/06/2011,dutch,7,3,10
01/06/2011 a 30/06/2011,pinyin,0,0,0
01/06/2011 a 30/06/2011,english,903,701,1604
,,,,
01/07/2011 a 31/07/2011,portuguese,1079,2798,3877
01/07/2011 a 31/07/2011,french,51,20,71
01/07/2011 a 31/07/2011,farsi,0,0,0
01/07/2011 a 31/07/2011,swedish,1,0,1
01/07/2011 a 31/07/2011,russian,72,40,112
01/07/2011 a 31/07/2011,german,8,0,8
01/07/2011 a 31/07/2011,spanish,33,30,63
01/07/2011 a 31/07/2011,dutch,12,8,20
01/07/2011 a 31/07/2011,pinyin,0,0,0
01/07/2011 a 31/07/2011,english,861,1204,2065
,,,,
01/08/2011 a 31/08/2011,portuguese,847,1270,2117
01/08/2011 a 31/08/2011,french,59,32,91
01/08/2011 a 31/08/2011,farsi,0,0,0
01/08/2011 a 31/08/2011,swedish,0,0,0
01/08/2011 a 31/08/2011,russian,92,54,146
01/08/2011 a 31/08/2011,german,3,0,3
01/08/2011 a 31/08/2011,spanish,47,77,124
01/08/2011 a 31/08/2011,dutch,5,3,8
01/08/2011 a 31/08/2011,pinyin,0,0,0
01/08/2011 a 31/08/2011,english,783,598,1381
,,,,
01/09/2011 a 30/09/2011,portuguese,966,5186,6152
01/09/2011 a 30/09/2011,french,89,37,126
01/09/2011 a 30/09/2011,farsi,2,1,3
01/09/2011 a 30/09/2011,swedish,0,0,0
01/09/2011 a 30/09/2011,russian,80,55,135
01/09/2011 a 30/09/2011,german,5,1,6
01/09/2011 a 30/09/2011,spanish,37,43,80
01/09/2011 a 30/09/2011,dutch,4,1,5
01/09/2011 a 30/09/2011,pinyin,0,0,0
01/09/2011 a 30/09/2011,english,739,1252,1991
,,,,
01/10/2011 a 31/10/2011,portuguese,1541,31265,32806
01/10/2011 a 31/10/2011,french,100,129,229
01/10/2011 a 31/10/2011,farsi,2,1,3
01/10/2011 a 31/10/2011,swedish,0,0,0
01/10/2011 a 31/10/2011,russian,112,405,517
01/10/2011 a 31/10/2011,german,2,1,3
01/10/2011 a 31/10/2011,spanish,36,160,196
01/10/2011 a 31/10/2011,dutch,5,4,9
01/10/2011 a 31/10/2011,pinyin,0,0,0
01/10/2011 a 31/10/2011,english,1050,1102,2152
,,,,
01/11/2011 a 30/11/2011,portuguese,1807,18366,20173
01/11/2011 a 30/11/2011,french,84,171,255
01/11/2011 a 30/11/2011,farsi,2,0,2
01/11/2011 a 30/11/2011,swedish,0,0,0
01/11/2011 a 30/11/2011,russian,77,84,161
01/11/2011 a 30/11/2011,german,5,1,6
01/11/2011 a 30/11/2011,spanish,36,37,73
01/11/2011 a 30/11/2011,dutch,3,1,4
01/11/2011 a 30/11/2011,pinyin,0,0,0
01/11/2011 a 30/11/2011,english,771,829,1600
,,,,
01/12/2011 a 31/12/2011,portuguese,3367,40372,43739
01/12/2011 a 31/12/2011,french,128,111,239
01/12/2011 a 31/12/2011,farsi,2,0,2
01/12/2011 a 31/12/2011,swedish,0,0,0
01/12/2011 a 31/12/2011,russian,141,6027,6168
01/12/2011 a 31/12/2011,german,7,1,8
01/12/2011 a 31/12/2011,spanish,59,254,313
01/12/2011 a 31/12/2011,dutch,5,4,9
01/12/2011 a 31/12/2011,pinyin,0,0,0
01/12/2011 a 31/12/2011,english,737,854,1591
,,,,
01/01/2012 a 31/01/2012,portuguese,1220,2095,3315
01/01/2012 a 31/01/2012,french,81,306,387
01/01/2012 a 31/01/2012,farsi,0,0,0
01/01/2012 a 31/01/2012,swedish,0,0,0
01/01/2012 a 31/01/2012,russian,123,264,387
01/01/2012 a 31/01/2012,german,6,4,10
01/01/2012 a 31/01/2012,spanish,41,27,68
01/01/2012 a 31/01/2012,dutch,3,3,6
01/01/2012 a 31/01/2012,pinyin,0,0,0
01/01/2012 a 31/01/2012,english,623,768,1391
,,,,
01/02/2012 a 29/02/2012,portuguese,1535,10522,12057
01/02/2012 a 29/02/2012,french,81,30,111
01/02/2012 a 29/02/2012,farsi,1,2,3
01/02/2012 a 29/02/2012,swedish,0,0,0
01/02/2012 a 29/02/2012,russian,107,152,259
01/02/2012 a 29/02/2012,german,4,4,8
01/02/2012 a 29/02/2012,spanish,38,37,75
01/02/2012 a 29/02/2012,dutch,2,2,4
01/02/2012 a 29/02/2012,pinyin,0,0,0
01/02/2012 a 29/02/2012,english,647,556,1203
,,,,
01/03/2012 a 31/03/2012,portuguese,1489,2876,4365
01/03/2012 a 31/03/2012,french,50,28,78
01/03/2012 a 31/03/2012,farsi,0,0,0
01/03/2012 a 31/03/2012,swedish,0,0,0
01/03/2012 a 31/03/2012,russian,104,89,193
01/03/2012 a 31/03/2012,german,6,3,9
01/03/2012 a 31/03/2012,spanish,67,40,107
01/03/2012 a 31/03/2012,dutch,2,2,4
01/03/2012 a 31/03/2012,pinyin,0,0,0
01/03/2012 a 31/03/2012,english,755,802,1557
,,,,
01/04/2012 a 30/04/2012,portuguese,1252,3710,4962
01/04/2012 a 30/04/2012,french,39,36,75
01/04/2012 a 30/04/2012,farsi,0,0,0
01/04/2012 a 30/04/2012,swedish,0,0,0
01/04/2012 a 30/04/2012,russian,134,64,198
01/04/2012 a 30/04/2012,german,1,2,3
01/04/2012 a 30/04/2012,spanish,39,42,81
01/04/2012 a 30/04/2012,dutch,6,2,8
01/04/2012 a 30/04/2012,pinyin,0,0,0
01/04/2012 a 30/04/2012,english,664,656,1320
,,,,
01/05/2012 a 31/05/2012,portuguese,1309,2687,3996
01/05/2012 a 31/05/2012,french,64,67,131
01/05/2012 a 31/05/2012,farsi,1,0,1
01/05/2012 a 31/05/2012,swedish,0,0,0
01/05/2012 a 31/05/2012,russian,133,88,221
01/05/2012 a 31/05/2012,german,3,2,5
01/05/2012 a 31/05/2012,spanish,41,30,71
01/05/2012 a 31/05/2012,dutch,10,6,16
01/05/2012 a 31/05/2012,pinyin,0,0,0
01/05/2012 a 31/05/2012,english,853,910,1763
,,,,
01/06/2012 a 30/06/2012,portuguese,1111,1416,2527
01/06/2012 a 30/06/2012,french,52,58,110
01/06/2012 a 30/06/2012,farsi,0,0,0
01/06/2012 a 30/06/2012,swedish,2,1,3
01/06/2012 a 30/06/2012,russian,127,110,237
01/06/2012 a 30/06/2012,german,4,1,5
01/06/2012 a 30/06/2012,spanish,31,33,64
01/06/2012 a 30/06/2012,dutch,4,0,4
01/06/2012 a 30/06/2012,pinyin,0,0,0
01/06/2012 a 30/06/2012,english,580,526,1106
,,,,
01/07/2012 a 31/07/2012,portuguese,2082,7609,9691
01/07/2012 a 31/07/2012,french,101,265,366
01/07/2012 a 31/07/2012,farsi,0,0,0
01/07/2012 a 31/07/2012,swedish,1,5,6
01/07/2012 a 31/07/2012,russian,279,807,1086
01/07/2012 a 31/07/2012,german,8,17,25
01/07/2012 a 31/07/2012,spanish,51,83,134
01/07/2012 a 31/07/2012,dutch,1,0,1
01/07/2012 a 31/07/2012,pinyin,0,0,0
01/07/2012 a 31/07/2012,english,706,964,1670
,,,,
01/08/2012 a 31/08/2012,portuguese,2142,6304,8446
01/08/2012 a 31/08/2012,french,68,86,154
01/08/2012 a 31/08/2012,farsi,0,0,0
01/08/2012 a 31/08/2012,swedish,1,0,1
01/08/2012 a 31/08/2012,russian,167,193,360
01/08/2012 a 31/08/2012,german,3,0,3
01/08/2012 a 31/08/2012,spanish,42,32,74
01/08/2012 a 31/08/2012,dutch,5,1,6
01/08/2012 a 31/08/2012,pinyin,0,0,0
01/08/2012 a 31/08/2012,english,748,2028,2776
,,,,
01/09/2012 a 30/09/2012,portuguese,1801,3595,5396
01/09/2012 a 30/09/2012,french,69,99,168
01/09/2012 a 30/09/2012,farsi,0,0,0
01/09/2012 a 30/09/2012,swedish,0,0,0
01/09/2012 a 30/09/2012,russian,157,981,1138
01/09/2012 a 30/09/2012,german,3,0,3
01/09/2012 a 30/09/2012,spanish,45,30,75
01/09/2012 a 30/09/2012,dutch,1,3,4
01/09/2012 a 30/09/2012,pinyin,0,0,0
01/09/2012 a 30/09/2012,english,696,1382,2078
,,,,
01/10/2012 a 31/10/2012,portuguese,2936,7310,10246
01/10/2012 a 31/10/2012,french,150,254,404
01/10/2012 a 31/10/2012,farsi,0,0,0
01/10/2012 a 31/10/2012,swedish,0,0,0
01/10/2012 a 31/10/2012,russian,366,613,979
01/10/2012 a 31/10/2012,german,7,1,8
01/10/2012 a 31/10/2012,spanish,68,56,124
01/10/2012 a 31/10/2012,dutch,52,5,57
01/10/2012 a 31/10/2012,pinyin,0,0,0
01/10/2012 a 31/10/2012,english,965,1013,1978
,,,,
01/11/2012 a 30/11/2012,portuguese,2566,8257,10823
01/11/2012 a 30/11/2012,french,103,137,240
01/11/2012 a 30/11/2012,farsi,0,0,0
01/11/2012 a 30/11/2012,swedish,0,0,0
01/11/2012 a 30/11/2012,russian,169,70,239
01/11/2012 a 30/11/2012,german,9,27,36
01/11/2012 a 30/11/2012,spanish,52,123,175
01/11/2012 a 30/11/2012,dutch,0,0,0
01/11/2012 a 30/11/2012,pinyin,0,0,0
01/11/2012 a 30/11/2012,english,851,1304,2155
,,,,
01/12/2012 a 31/12/2012,portuguese,2145,4292,6437
01/12/2012 a 31/12/2012,french,60,133,193
01/12/2012 a 31/12/2012,farsi,0,0,0
01/12/2012 a 31/12/2012,swedish,0,1,1
01/12/2012 a 31/12/2012,russian,148,150,298
01/12/2012 a 31/12/2012,german,5,5,10
01/12/2012 a 31/12/2012,spanish,70,110,180
01/12/2012 a 31/12/2012,dutch,2,1,3
01/12/2012 a 31/12/2012,pinyin,0,0,0
01/12/2012 a 31/12/2012,english,667,1099,1766
,,,,
01/01/2013 a 31/01/2013,portuguese,3261,13411,16672
01/01/2013 a 31/01/2013,french,130,223,353
01/01/2013 a 31/01/2013,farsi,0,0,0
01/01/2013 a 31/01/2013,swedish,1,0,1
01/01/2013 a 31/01/2013,russian,226,310,536
01/01/2013 a 31/01/2013,german,9,9,18
01/01/2013 a 31/01/2013,spanish,48,64,112
01/01/2013 a 31/01/2013,dutch,6,7,13
01/01/2013 a 31/01/2013,pinyin,0,0,0
01/01/2013 a 31/01/2013,english,686,954,1640
,,,,
01/02/2013 a 28/02/2013,portuguese,2156,3717,5873
01/02/2013 a 28/02/2013,french,74,83,157
01/02/2013 a 28/02/2013,farsi,0,1,1
01/02/2013 a 28/02/2013,swedish,0,0,0
01/02/2013 a 28/02/2013,russian,154,143,297
01/02/2013 a 28/02/2013,german,13,5,18
01/02/2013 a 28/02/2013,spanish,74,58,132
01/02/2013 a 28/02/2013,dutch,11,0,11
01/02/2013 a 28/02/2013,pinyin,0,0,0
01/02/2013 a 28/02/2013,english,676,916,1592
,,,,
01/03/2013 a 31/03/2013,portuguese,2906,9216,12122
01/03/2013 a 31/03/2013,french,56,103,159
01/03/2013 a 31/03/2013,farsi,0,0,0
01/03/2013 a 31/03/2013,swedish,0,0,0
01/03/2013 a 31/03/2013,russian,158,202,360
01/03/2013 a 31/03/2013,german,8,3,11
01/03/2013 a 31/03/2013,spanish,70,253,323
01/03/2013 a 31/03/2013,dutch,3,1,4
01/03/2013 a 31/03/2013,pinyin,0,0,0
01/03/2013 a 31/03/2013,english,614,1069,1683
,,,,
01/04/2013 a 30/04/2013,portuguese,3149,5882,9031
01/04/2013 a 30/04/2013,french,71,120,191
01/04/2013 a 30/04/2013,farsi,0,0,0
01/04/2013 a 30/04/2013,swedish,1,3,4
01/04/2013 a 30/04/2013,russian,154,148,302
01/04/2013 a 30/04/2013,german,6,0,6
01/04/2013 a 30/04/2013,spanish,47,31,78
01/04/2013 a 30/04/2013,dutch,0,4,4
01/04/2013 a 30/04/2013,pinyin,0,0,0
01/04/2013 a 30/04/2013,english,663,1016,1679
,,,,
01/05/2013 a 31/05/2013,portuguese,2555,3655,6210
01/05/2013 a 31/05/2013,french,108,84,192
01/05/2013 a 31/05/2013,farsi,0,0,0
01/05/2013 a 31/05/2013,swedish,1,0,1
01/05/2013 a 31/05/2013,russian,207,147,354
01/05/2013 a 31/05/2013,german,5,1,6
01/05/2013 a 31/05/2013,spanish,76,16,92
01/05/2013 a 31/05/2013,dutch,2,3,5
01/05/2013 a 31/05/2013,pinyin,0,0,0
01/05/2013 a 31/05/2013,english,962,629,1591
,,,,
01/06/2013 a 30/06/2013,portuguese,2379,6287,8666
01/06/2013 a 30/06/2013,french,94,75,169
01/06/2013 a 30/06/2013,farsi,0,0,0
01/06/2013 a 30/06/2013,swedish,0,0,0
01/06/2013 a 30/06/2013,russian,127,74,201
01/06/2013 a 30/06/2013,german,2,0,2
01/06/2013 a 30/06/2013,spanish,55,35,90
01/06/2013 a 30/06/2013,dutch,3,0,3
01/06/2013 a 30/06/2013,pinyin,0,0,0
01/06/2013 a 30/06/2013,english,916,531,1447
,,,,
01/07/2013 a 31/07/2013,portuguese,2103,6752,8855
01/07/2013 a 31/07/2013,french,51,30,81
01/07/2013 a 31/07/2013,farsi,0,0,0
01/07/2013 a 31/07/2013,swedish,0,0,0
01/07/2013 a 31/07/2013,russian,99,171,270
01/07/2013 a 31/07/2013,german,5,3,8
01/07/2013 a 31/07/2013,spanish,69,48,117
01/07/2013 a 31/07/2013,dutch,3,1,4
01/07/2013 a 31/07/2013,pinyin,0,0,0
01/07/2013 a 31/07/2013,english,733,451,1184
,,,,
01/08/2013 a 31/08/2013,portuguese,1906,3999,5905
01/08/2013 a 31/08/2013,french,60,44,104
01/08/2013 a 31/08/2013,farsi,0,0,0
01/08/2013 a 31/08/2013,swedish,0,0,0
01/08/2013 a 31/08/2013,russian,74,64,138
01/08/2013 a 31/08/2013,german,4,2,6
01/08/2013 a 31/08/2013,spanish,91,81,172
01/08/2013 a 31/08/2013,dutch,2,1,3
01/08/2013 a 31/08/2013,pinyin,0,0,0
01/08/2013 a 31/08/2013,english,698,915,1613
,,,,
01/09/2013 a 30/09/2013,portuguese,1616,9614,11230
01/09/2013 a 30/09/2013,french,41,79,120
01/09/2013 a 30/09/2013,farsi,1,0,1
01/09/2013 a 30/09/2013,swedish,3,10,13
01/09/2013 a 30/09/2013,russian,76,52,128
01/09/2013 a 30/09/2013,german,2,11,13
01/09/2013 a 30/09/2013,spanish,41,110,151
01/09/2013 a 30/09/2013,dutch,2,0,2
01/09/2013 a 30/09/2013,pinyin,0,0,0
01/09/2013 a 30/09/2013,english,672,651,1323
,,,,
01/10/2013 a 31/10/2013,portuguese,1959,24095,26054
01/10/2013 a 31/10/2013,french,49,39,88
01/10/2013 a 31/10/2013,farsi,1,0,1
01/10/2013 a 31/10/2013,swedish,1,7,8
01/10/2013 a 31/10/2013,russian,81,38,119
01/10/2013 a 31/10/2013,german,3,3,6
01/10/2013 a 31/10/2013,spanish,30,34,64
01/10/2013 a 31/10/2013,dutch,4,4,8
01/10/2013 a 31/10/2013,pinyin,0,0,0
01/10/2013 a 31/10/2013,english,726,542,1268
,,,,
01/11/2013 a 30/11/2013,portuguese,2042,10702,12744
01/11/2013 a 30/11/2013,french,63,62,125
01/11/2013 a 30/11/2013,farsi,0,0,0
01/11/2013 a 30/11/2013,swedish,0,0,0
01/11/2013 a 30/11/2013,russian,100,181,281
01/11/2013 a 30/11/2013,german,5,2,7
01/11/2013 a 30/11/2013,spanish,61,39,100
01/11/2013 a 30/11/2013,dutch,4,4,8
01/11/2013 a 30/11/2013,pinyin,0,0,0
01/11/2013 a 30/11/2013,english,819,595,1414
,,,,
01/12/2013 a 31/12/2013,portuguese,1944,11111,13055
01/12/2013 a 31/12/2013,french,29,20,49
01/12/2013 a 31/12/2013,farsi,0,0,0
01/12/2013 a 31/12/2013,swedish,0,0,0
01/12/2013 a 31/12/2013,russian,64,33,97
01/12/2013 a 31/12/2013,german,4,1,5
01/12/2013 a 31/12/2013,spanish,42,26,68
01/12/2013 a 31/12/2013,dutch,4,1,5
01/12/2013 a 31/12/2013,pinyin,0,0,0
01/12/2013 a 31/12/2013,english,656,497,1153
,,,,
01/01/2014 a 31/01/2014,portuguese,2056,22427,24483
01/01/2014 a 31/01/2014,french,51,84,135
01/01/2014 a 31/01/2014,farsi,0,0,0
01/01/2014 a 31/01/2014,swedish,0,0,0
01/01/2014 a 31/01/2014,russian,85,43,128
01/01/2014 a 31/01/2014,german,2,0,2
01/01/2014 a 31/01/2014,spanish,86,62,148
01/01/2014 a 31/01/2014,dutch,8,5,13
01/01/2014 a 31/01/2014,pinyin,0,0,0
01/01/2014 a 31/01/2014,english,600,600,1200
,,,,
01/02/2014 a 28/02/2014,portuguese,2005,34092,36097
01/02/2014 a 28/02/2014,french,35,28,63
01/02/2014 a 28/02/2014,farsi,0,0,0
01/02/2014 a 28/02/2014,swedish,0,0,0
01/02/2014 a 28/02/2014,russian,82,39,121
01/02/2014 a 28/02/2014,german,2,0,2
01/02/2014 a 28/02/2014,spanish,49,40,89
01/02/2014 a 28/02/2014,dutch,8,1,9
01/02/2014 a 28/02/2014,pinyin,0,0,0
01/02/2014 a 28/02/2014,english,675,12056,12731
,,,,
01/03/2014 a 31/03/2014,portuguese,3029,6285,9314
01/03/2014 a 31/03/2014,french,58,29,87
01/03/2014 a 31/03/2014,farsi,0,0,0
01/03/2014 a 31/03/2014,swedish,0,0,0
01/03/2014 a 31/03/2014,russian,135,74,209
01/03/2014 a 31/03/2014,german,16,6,22
01/03/2014 a 31/03/2014,spanish,121,288,409
01/03/2014 a 31/03/2014,dutch,4,3,7
01/03/2014 a 31/03/2014,pinyin,0,0,0
01/03/2014 a 31/03/2014,english,958,627,1585
,,,,
01/04/2014 a 30/04/2014,portuguese,2448,4803,7251
01/04/2014 a 30/04/2014,french,43,22,65
01/04/2014 a 30/04/2014,farsi,0,0,0
01/04/2014 a 30/04/2014,swedish,0,0,0
01/04/2014 a 30/04/2014,russian,109,64,173
01/04/2014 a 30/04/2014,german,4,2,6
01/04/2014 a 30/04/2014,spanish,100,49,149
01/04/2014 a 30/04/2014,dutch,3,1,4
01/04/2014 a 30/04/2014,pinyin,0,0,0
01/04/2014 a 30/04/2014,english,595,475,1070
,,,,
01/05/2014 a 31/05/2014,portuguese,1888,2438,4326
01/05/2014 a 31/05/2014,french,50,17,67
01/05/2014 a 31/05/2014,farsi,1,0,1
01/05/2014 a 31/05/2014,swedish,0,0,0
01/05/2014 a 31/05/2014,russian,102,73,175
01/05/2014 a 31/05/2014,german,2,0,2
01/05/2014 a 31/05/2014,spanish,89,64,153
01/05/2014 a 31/05/2014,dutch,2,2,4
01/05/2014 a 31/05/2014,pinyin,0,0,0
01/05/2014 a 31/05/2014,english,782,464,1246
,,,,
01/06/2014 a 30/06/2014,portuguese,2462,8579,11041
01/06/2014 a 30/06/2014,french,54,22,76
01/06/2014 a 30/06/2014,farsi,0,0,0
01/06/2014 a 30/06/2014,swedish,0,0,0
01/06/2014 a 30/06/2014,russian,97,194,291
01/06/2014 a 30/06/2014,german,4,1,5
01/06/2014 a 30/06/2014,spanish,79,63,142
01/06/2014 a 30/06/2014,dutch,1,0,1
01/06/2014 a 30/06/2014,pinyin,0,0,0
01/06/2014 a 30/06/2014,english,650,367,1017
,,,,
01/07/2014 a 31/07/2014,portuguese,2412,1816,4228
01/07/2014 a 31/07/2014,french,64,19,83
01/07/2014 a 31/07/2014,farsi,2,0,2
01/07/2014 a 31/07/2014,swedish,0,0,0
01/07/2014 a 31/07/2014,russian,185,53,238
01/07/2014 a 31/07/2014,german,3,0,3
01/07/2014 a 31/07/2014,spanish,155,39,194
01/07/2014 a 31/07/2014,dutch,4,0,4
01/07/2014 a 31/07/2014,pinyin,0,0,0
01/07/2014 a 31/07/2014,english,652,387,1039
,,,,
01/08/2014 a 31/08/2014,portuguese,2024,1943,3967
01/08/2014 a 31/08/2014,french,42,18,60
01/08/2014 a 31/08/2014,farsi,0,0,0
01/08/2014 a 31/08/2014,swedish,0,0,0
01/08/2014 a 31/08/2014,russian,81,65,146
01/08/2014 a 31/08/2014,german,3,1,4
01/08/2014 a 31/08/2014,spanish,45,22,67
01/08/2014 a 31/08/2014,dutch,2,0,2
01/08/2014 a 31/08/2014,pinyin,0,0,0
01/08/2014 a 31/08/2014,english,689,375,1064
,,,,
01/09/2014 a 30/09/2014,portuguese,2586,5832,8418
01/09/2014 a 30/09/2014,french,30,19,49
01/09/2014 a 30/09/2014,farsi,0,0,0
01/09/2014 a 30/09/2014,swedish,0,0,0
01/09/2014 a 30/09/2014,russian,59,51,110
01/09/2014 a 30/09/2014,german,2,1,3
01/09/2014 a 30/09/2014,spanish,36,24,60
01/09/2014 a 30/09/2014,dutch,1,2,3
01/09/2014 a 30/09/2014,pinyin,0,0,0
01/09/2014 a 30/09/2014,english,624,343,967
,,,,
01/10/2014 a 31/10/2014,portuguese,12953,8398,21351
01/10/2014 a 31/10/2014,french,50,48,98
01/10/2014 a 31/10/2014,farsi,1,0,1
01/10/2014 a 31/10/2014,swedish,0,0,0
01/10/2014 a 31/10/2014,russian,107,49,156
01/10/2014 a 31/10/2014,german,3,0,3
01/10/2014 a 31/10/2014,spanish,75,33,108
01/10/2014 a 31/10/2014,dutch,0,3,3
01/10/2014 a 31/10/2014,pinyin,0,0,0
01/10/2014 a 31/10/2014,english,763,465,1228
,,,,
01/11/2014 a 30/11/2014,portuguese,2728,4790,7518
01/11/2014 a 30/11/2014,french,55,32,87
01/11/2014 a 30/11/2014,farsi,0,0,0
01/11/2014 a 30/11/2014,swedish,0,0,0
01/11/2014 a 30/11/2014,russian,105,543,648
01/11/2014 a 30/11/2014,german,1,0,1
01/11/2014 a 30/11/2014,spanish,55,93,148
01/11/2014 a 30/11/2014,dutch,1,2,3
01/11/2014 a 30/11/2014,pinyin,0,0,0
01/11/2014 a 30/11/2014,english,639,363,1002
,,,,
01/12/2014 a 31/12/2014,portuguese,2276,5707,7983
01/12/2014 a 31/12/2014,french,40,35,75
01/12/2014 a 31/12/2014,farsi,0,0,0
01/12/2014 a 31/12/2014,swedish,0,0,0
01/12/2014 a 31/12/2014,russian,71,66,137
01/12/2014 a 31/12/2014,german,2,0,2
01/12/2014 a 31/12/2014,spanish,26,55,81
01/12/2014 a 31/12/2014,dutch,0,0,0
01/12/2014 a 31/12/2014,pinyin,0,0,0
01/12/2014 a 31/12/2014,english,753,429,1182
,,,,
01/01/2015 a 31/01/2015,portuguese,2380,4913,7293
01/01/2015 a 31/01/2015,french,68,60,128
01/01/2015 a 31/01/2015,farsi,1,0,1
01/01/2015 a 31/01/2015,swedish,0,0,0
01/01/2015 a 31/01/2015,russian,63,64,127
01/01/2015 a 31/01/2015,german,0,0,0
01/01/2015 a 31/01/2015,spanish,30,42,72
01/01/2015 a 31/01/2015,dutch,0,2,2
01/01/2015 a 31/01/2015,pinyin,0,0,0
01/01/2015 a 31/01/2015,english,885,520,1405
,,,,
01/02/2015 a 28/02/2015,portuguese,2160,14890,17050
01/02/2015 a 28/02/2015,french,36,61,97
01/02/2015 a 28/02/2015,farsi,0,0,0
01/02/2015 a 28/02/2015,swedish,1,0,1
01/02/2015 a 28/02/2015,russian,40,91,131
01/02/2015 a 28/02/2015,german,3,0,3
01/02/2015 a 28/02/2015,spanish,19,33,52
01/02/2015 a 28/02/2015,dutch,1,0,1
01/02/2015 a 28/02/2015,pinyin,0,0,0
01/02/2015 a 28/02/2015,english,555,574,1129
,,,,
01/03/2015 a 31/03/2015,portuguese,2254,6107,8361
01/03/2015 a 31/03/2015,french,43,42,85
01/03/2015 a 31/03/2015,farsi,0,0,0
01/03/2015 a 31/03/2015,swedish,0,0,0
01/03/2015 a 31/03/2015,russian,48,58,106
01/03/2015 a 31/03/2015,german,2,0,2
01/03/2015 a 31/03/2015,spanish,29,16,45
01/03/2015 a 31/03/2015,dutch,0,0,0
01/03/2015 a 31/03/2015,pinyin,0,0,0
01/03/2015 a 31/03/2015,english,537,404,941
,,,,
01/04/2015 a 30/04/2015,portuguese,3028,19440,22468
01/04/2015 a 30/04/2015,french,48,10,58
01/04/2015 a 30/04/2015,farsi,0,0,0
01/04/2015 a 30/04/2015,swedish,0,0,0
01/04/2015 a 30/04/2015,russian,73,350,423
01/04/2015 a 30/04/2015,german,0,0,0
01/04/2015 a 30/04/2015,spanish,29,87,116
01/04/2015 a 30/04/2015,dutch,2,1,3
01/04/2015 a 30/04/2015,pinyin,0,0,0
01/04/2015 a 30/04/2015,english,623,477,1100
,,,,
01/05/2015 a 31/05/2015,portuguese,2273,4904,7177
01/05/2015 a 31/05/2015,french,34,21,55
01/05/2015 a 31/05/2015,farsi,0,0,0
01/05/2015 a 31/05/2015,swedish,0,0,0
01/05/2015 a 31/05/2015,russian,60,66,126
01/05/2015 a 31/05/2015,german,1,1,2
01/05/2015 a 31/05/2015,spanish,34,27,61
01/05/2015 a 31/05/2015,dutch,0,0,0
01/05/2015 a 31/05/2015,pinyin,0,0,0
01/05/2015 a 31/05/2015,english,768,599,1367
,,,,
01/06/2015 a 30/06/2015,portuguese,2102,7066,9168
01/06/2015 a 30/06/2015,french,47,67,114
01/06/2015 a 30/06/2015,farsi,0,0,0
01/06/2015 a 30/06/2015,swedish,0,0,0
01/06/2015 a 30/06/2015,russian,66,58,124
01/06/2015 a 30/06/2015,german,3,1,4
01/06/2015 a 30/06/2015,spanish,43,25,68
01/06/2015 a 30/06/2015,dutch,0,0,0
01/06/2015 a 30/06/2015,pinyin,0,0,0
01/06/2015 a 30/06/2015,english,652,654,1306
,,,,
01/07/2015 a 31/07/2015,portuguese,2560,21579,24139
01/07/2015 a 31/07/2015,french,31,65,96
01/07/2015 a 31/07/2015,farsi,0,0,0
01/07/2015 a 31/07/2015,swedish,1,0,1
01/07/2015 a 31/07/2015,russian,98,108,206
01/07/2015 a 31/07/2015,german,6,2,8
01/07/2015 a 31/07/2015,spanish,42,31,73
01/07/2015 a 31/07/2015,dutch,1,0,1
01/07/2015 a 31/07/2015,pinyin,0,0,0
01/07/2015 a 31/07/2015,english,740,662,1402
,,,,
01/08/2015 a 31/08/2015,portuguese,2668,14163,16831
01/08/2015 a 31/08/2015,french,51,69,120
01/08/2015 a 31/08/2015,farsi,0,0,0
01/08/2015 a 31/08/2015,swedish,0,0,0
01/08/2015 a 31/08/2015,russian,66,51,117
01/08/2015 a 31/08/2015,german,2,2,4
01/08/2015 a 31/08/2015,spanish,52,22,74
01/08/2015 a 31/08/2015,dutch,3,1,4
01/08/2015 a 31/08/2015,pinyin,0,0,0
01/08/2015 a 31/08/2015,english,587,687,1274
,,,,
01/09/2015 a 30/09/2015,portuguese,1761,2158,3919
01/09/2015 a 30/09/2015,french,57,65,122
01/09/2015 a 30/09/2015,farsi,0,0,0
01/09/2015 a 30/09/2015,swedish,0,0,0
01/09/2015 a 30/09/2015,russian,79,59,138
01/09/2015 a 30/09/2015,german,1,2,3
01/09/2015 a 30/09/2015,spanish,47,15,62
01/09/2015 a 30/09/2015,dutch,1,5,6
01/09/2015 a 30/09/2015,pinyin,0,0,0
01/09/2015 a 30/09/2015,english,832,823,1655
,,,,
01/10/2015 a 31/10/2015,portuguese,815,1460,2275
01/10/2015 a 31/10/2015,french,49,41,90
01/10/2015 a 31/10/2015,farsi,0,0,0
01/10/2015 a 31/10/2015,swedish,11,0,11
01/10/2015 a 31/10/2015,russian,182,185,367
01/10/2015 a 31/10/2015,german,0,1,1
01/10/2015 a 31/10/2015,spanish,30,16,46
01/10/2015 a 31/10/2015,dutch,1,0,1
01/10/2015 a 31/10/2015,pinyin,0,0,0
01/10/2015 a 31/10/2015,english,2849,5461,8310
,,,,
01/11/2015 a 30/11/2015,portuguese,994,1420,2414
01/11/2015 a 30/11/2015,french,76,45,121
01/11/2015 a 30/11/2015,farsi,0,0,0
01/11/2015 a 30/11/2015,swedish,10,0,10
01/11/2015 a 30/11/2015,russian,159,101,260
01/11/2015 a 30/11/2015,german,4,0,4
01/11/2015 a 30/11/2015,spanish,31,41,72
01/11/2015 a 30/11/2015,dutch,1,0,1
01/11/2015 a 30/11/2015,pinyin,0,0,0
01/11/2015 a 30/11/2015,english,2881,5744,8625
,,,,
01/12/2015 a 31/12/2015,portuguese,943,717,1660
01/12/2015 a 31/12/2015,french,51,47,98
01/12/2015 a 31/12/2015,farsi,0,0,0
01/12/2015 a 31/12/2015,swedish,16,5,21
01/12/2015 a 31/12/2015,russian,114,144,258
01/12/2015 a 31/12/2015,german,1,1,2
01/12/2015 a 31/12/2015,spanish,38,17,55
01/12/2015 a 31/12/2015,dutch,1,0,1
01/12/2015 a 31/12/2015,pinyin,0,0,0
01/12/2015 a 31/12/2015,english,2588,4598,7186
,,,,
01/01/2016 a 31/01/2016,portuguese,1476,13052,14528
01/01/2016 a 31/01/2016,french,78,71,149
01/01/2016 a 31/01/2016,farsi,1,0,1
01/01/2016 a 31/01/2016,swedish,13,0,13
01/01/2016 a 31/01/2016,russian,160,117,277
01/01/2016 a 31/01/2016,german,5,1,6
01/01/2016 a 31/01/2016,spanish,51,39,90
01/01/2016 a 31/01/2016,dutch,1,1,2
01/01/2016 a 31/01/2016,pinyin,0,0,0
01/01/2016 a 31/01/2016,english,3194,8495,11689
,,,,
01/02/2016 a 29/02/2016,portuguese,1108,5907,7015
01/02/2016 a 29/02/2016,french,45,50,95
01/02/2016 a 29/02/2016,farsi,0,0,0
01/02/2016 a 29/02/2016,swedish,2,0,2
01/02/2016 a 29/02/2016,russian,144,112,256
01/02/2016 a 29/02/2016,german,3,3,6
01/02/2016 a 29/02/2016,spanish,34,16,50
01/02/2016 a 29/02/2016,dutch,0,0,0
01/02/2016 a 29/02/2016,pinyin,0,0,0
01/02/2016 a 29/02/2016,english,2830,6536,9366
,,,,
01/03/2016 a 31/03/2016,portuguese,1182,1184,2366
01/03/2016 a 31/03/2016,french,33,41,74
01/03/2016 a 31/03/2016,farsi,0,0,0
01/03/2016 a 31/03/2016,swedish,0,0,0
01/03/2016 a 31/03/2016,russian,116,120,236
01/03/2016 a 31/03/2016,german,9,0,9
01/03/2016 a 31/03/2016,spanish,56,20,76
01/03/2016 a 31/03/2016,dutch,0,0,0
01/03/2016 a 31/03/2016,pinyin,0,0,0
01/03/2016 a 31/03/2016,english,2143,1851,3994
,,,,
01/04/2016 a 30/04/2016,portuguese,1285,1568,2853
01/04/2016 a 30/04/2016,french,93,84,177
01/04/2016 a 30/04/2016,farsi,0,0,0
01/04/2016 a 30/04/2016,swedish,0,0,0
01/04/2016 a 30/04/2016,russian,197,232,429
01/04/2016 a 30/04/2016,german,14,3,17
01/04/2016 a 30/04/2016,spanish,52,17,69
01/04/2016 a 30/04/2016,dutch,0,0,0
01/04/2016 a 30/04/2016,pinyin,0,0,0
01/04/2016 a 30/04/2016,english,2222,2436,4658
,,,,
01/05/2016 a 31/05/2016,portuguese,1365,2033,3398
01/05/2016 a 31/05/2016,french,100,55,155
01/05/2016 a 31/05/2016,farsi,1,0,1
01/05/2016 a 31/05/2016,swedish,0,0,0
01/05/2016 a 31/05/2016,russian,251,304,555
01/05/2016 a 31/05/2016,german,10,7,17
01/05/2016 a 31/05/2016,spanish,47,33,80
01/05/2016 a 31/05/2016,dutch,0,0,0
01/05/2016 a 31/05/2016,pinyin,0,0,0
01/05/2016 a 31/05/2016,english,2867,10904,13771
,,,,
01/06/2016 a 30/06/2016,portuguese,850,1225,2075
01/06/2016 a 30/06/2016,french,115,37,152
01/06/2016 a 30/06/2016,farsi,2,2,4
01/06/2016 a 30/06/2016,swedish,1,0,1
01/06/2016 a 30/06/2016,russian,127,60,187
01/06/2016 a 30/06/2016,german,10,5,15
01/06/2016 a 30/06/2016,spanish,31,14,45
01/06/2016 a 30/06/2016,dutch,0,0,0
01/06/2016 a 30/06/2016,pinyin,0,0,0
01/06/2016 a 30/06/2016,english,1716,1678,3394
,,,,
01/07/2016 a 31/07/2016,portuguese,995,1179,2174
01/07/2016 a 31/07/2016,french,128,123,251
01/07/2016 a 31/07/2016,farsi,0,0,0
01/07/2016 a 31/07/2016,swedish,0,0,0
01/07/2016 a 31/07/2016,russian,198,215,413
01/07/2016 a 31/07/2016,german,13,2,15
01/07/2016 a 31/07/2016,spanish,46,38,84
01/07/2016 a 31/07/2016,dutch,0,0,0
01/07/2016 a 31/07/2016,pinyin,0,0,0
01/07/2016 a 31/07/2016,english,1855,1775,3630
,,,,
01/08/2016 a 31/08/2016,portuguese,1053,2499,3552
01/08/2016 a 31/08/2016,french,102,63,165
01/08/2016 a 31/08/2016,farsi,0,0,0
01/08/2016 a 31/08/2016,swedish,0,0,0
01/08/2016 a 31/08/2016,russian,174,514,688
01/08/2016 a 31/08/2016,german,15,17,32
01/08/2016 a 31/08/2016,spanish,53,65,118
01/08/2016 a 31/08/2016,dutch,0,0,0
01/08/2016 a 31/08/2016,pinyin,0,0,0
01/08/2016 a 31/08/2016,english,2152,3005,5157
,,,,
01/09/2016 a 30/09/2016,portuguese,520,1417,1937
01/09/2016 a 30/09/2016,french,79,235,314
01/09/2016 a 30/09/2016,farsi,1,0,1
01/09/2016 a 30/09/2016,swedish,0,0,0
01/09/2016 a 30/09/2016,russian,93,159,252
01/09/2016 a 30/09/2016,german,6,8,14
01/09/2016 a 30/09/2016,spanish,35,24,59
01/09/2016 a 30/09/2016,dutch,1,1,2
01/09/2016 a 30/09/2016,pinyin,0,0,0
01/09/2016 a 30/09/2016,english,1489,3606,5095
,,,,
01/10/2016 a 31/10/2016,portuguese,222,441,663
01/10/2016 a 31/10/2016,french,31,31,62
01/10/2016 a 31/10/2016,farsi,1,0,1
01/10/2016 a 31/10/2016,swedish,1,3,4
01/10/2016 a 31/10/2016,russian,28,171,199
01/10/2016 a 31/10/2016,german,4,3,7
01/10/2016 a 31/10/2016,spanish,18,11,29
01/10/2016 a 31/10/2016,dutch,5,11,16
01/10/2016 a 31/10/2016,pinyin,0,0,0
01/10/2016 a 31/10/2016,english,445,702,1147
,,,,
01/11/2016 a 30/11/2016,portuguese,238,219,457
01/11/2016 a 30/11/2016,french,24,12,36
01/11/2016 a 30/11/2016,farsi,1,0,1
01/11/2016 a 30/11/2016,swedish,1,3,4
01/11/2016 a 30/11/2016,russian,64,60,124
01/11/2016 a 30/11/2016,german,4,1,5
01/11/2016 a 30/11/2016,spanish,22,14,36
01/11/2016 a 30/11/2016,dutch,2,0,2
01/11/2016 a 30/11/2016,pinyin,0,0,0
01/11/2016 a 30/11/2016,english,711,454,1165
,,,,
01/12/2016 a 31/12/2016,portuguese,264,189,453
01/12/2016 a 31/12/2016,french,54,22,76
01/12/2016 a 31/12/2016,farsi,2,0,2
01/12/2016 a 31/12/2016,swedish,1,2,3
01/12/2016 a 31/12/2016,russian,85,68,153
01/12/2016 a 31/12/2016,german,3,1,4
01/12/2016 a 31/12/2016,spanish,28,7,35
01/12/2016 a 31/12/2016,dutch,2,0,2
01/12/2016 a 31/12/2016,pinyin,0,0,0
01/12/2016 a 31/12/2016,english,751,888,1639
,,,,
01/01/2017 a 31/01/2017,portuguese,564,633,1197
01/01/2017 a 31/01/2017,french,74,33,107
01/01/2017 a 31/01/2017,farsi,0,0,0
01/01/2017 a 31/01/2017,swedish,0,2,2
01/01/2017 a 31/01/2017,russian,114,76,190
01/01/2017 a 31/01/2017,german,8,1,9
01/01/2017 a 31/01/2017,spanish,22,19,41
01/01/2017 a 31/01/2017,dutch,0,0,0
01/01/2017 a 31/01/2017,pinyin,0,0,0
01/01/2017 a 31/01/2017,english,1166,712,1878
,,,,
01/02/2017 a 28/02/2017,portuguese,521,610,1131
01/02/2017 a 28/02/2017,french,49,18,67
01/02/2017 a 28/02/2017,farsi,0,0,0
01/02/2017 a 28/02/2017,swedish,0,1,1
01/02/2017 a 28/02/2017,russian,121,87,208
01/02/2017 a 28/02/2017,german,13,6,19
01/02/2017 a 28/02/2017,spanish,30,13,43
01/02/2017 a 28/02/2017,dutch,0,0,0
01/02/2017 a 28/02/2017,pinyin,0,0,0
01/02/2017 a 28/02/2017,english,1382,1957,3339
,,,,
01/03/2017 a 31/03/2017,portuguese,569,436,1005
01/03/2017 a 31/03/2017,french,76,40,116
01/03/2017 a 31/03/2017,farsi,1,0,1
01/03/2017 a 31/03/2017,swedish,0,1,1
01/03/2017 a 31/03/2017,russian,118,241,359
01/03/2017 a 31/03/2017,german,3,11,14
01/03/2017 a 31/03/2017,spanish,36,10,46
01/03/2017 a 31/03/2017,dutch,0,1,1
01/03/2017 a 31/03/2017,pinyin,0,0,0
01/03/2017 a 31/03/2017,english,1583,1527,3110
,,,,
01/04/2017 a 30/04/2017,portuguese,595,391,986
01/04/2017 a 30/04/2017,french,80,27,107
01/04/2017 a 30/04/2017,farsi,1,0,1
01/04/2017 a 30/04/2017,swedish,0,0,0
01/04/2017 a 30/04/2017,russian,105,54,159
01/04/2017 a 30/04/2017,german,6,6,12
01/04/2017 a 30/04/2017,spanish,36,15,51
01/04/2017 a 30/04/2017,dutch,1,0,1
01/04/2017 a 30/04/2017,pinyin,0,0,0
01/04/2017 a 30/04/2017,english,1949,7386,9335
,,,,
01/05/2017 a 31/05/2017,portuguese,643,462,1105
01/05/2017 a 31/05/2017,french,57,9,66
01/05/2017 a 31/05/2017,farsi,1,1,2
01/05/2017 a 31/05/2017,swedish,0,0,0
01/05/2017 a 31/05/2017,russian,179,72,251
01/05/2017 a 31/05/2017,german,6,4,10
01/05/2017 a 31/05/2017,spanish,37,12,49
01/05/2017 a 31/05/2017,dutch,0,0,0
01/05/2017 a 31/05/2017,pinyin,0,0,0
01/05/2017 a 31/05/2017,english,1629,1249,2878
,,,,
01/06/2017 a 30/06/2017,portuguese,622,609,1231
01/06/2017 a 30/06/2017,french,69,36,105
01/06/2017 a 30/06/2017,farsi,0,0,0
01/06/2017 a 30/06/2017,swedish,0,0,0
01/06/2017 a 30/06/2017,russian,137,90,227
01/06/2017 a 30/06/2017,german,2,5,7
01/06/2017 a 30/06/2017,spanish,24,13,37
01/06/2017 a 30/06/2017,dutch,0,0,0
01/06/2017 a 30/06/2017,pinyin,0,0,0
01/06/2017 a 30/06/2017,english,1204,1051,2255
,,,,
01/07/2017 a 31/07/2017,portuguese,473,487,960
01/07/2017 a 31/07/2017,french,52,16,68
01/07/2017 a 31/07/2017,farsi,0,0,0
01/07/2017 a 31/07/2017,swedish,0,0,0
01/07/2017 a 31/07/2017,russian,160,128,288
01/07/2017 a 31/07/2017,german,3,4,7
01/07/2017 a 31/07/2017,spanish,42,30,72
01/07/2017 a 31/07/2017,dutch,0,0,0
01/07/2017 a 31/07/2017,pinyin,0,0,0
01/07/2017 a 31/07/2017,english,1304,1043,2347
,,,,
01/08/2017 a 31/08/2017,portuguese,512,371,883
01/08/2017 a 31/08/2017,french,57,31,88
01/08/2017 a 31/08/2017,farsi,2,2,4
01/08/2017 a 31/08/2017,swedish,0,0,0
01/08/2017 a 31/08/2017,russian,193,77,270
01/08/2017 a 31/08/2017,german,4,2,6
01/08/2017 a 31/08/2017,spanish,51,12,63
01/08/2017 a 31/08/2017,dutch,2,3,5
01/08/2017 a 31/08/2017,pinyin,0,0,0
01/08/2017 a 31/08/2017,english,1560,955,2515
,,,,
01/09/2017 a 30/09/2017,portuguese,751,531,1282
01/09/2017 a 30/09/2017,french,62,38,100
01/09/2017 a 30/09/2017,farsi,0,0,0
01/09/2017 a 30/09/2017,swedish,1,0,1
01/09/2017 a 30/09/2017,russian,184,188,372
01/09/2017 a 30/09/2017,german,9,8,17
01/09/2017 a 30/09/2017,spanish,41,19,60
01/09/2017 a 30/09/2017,dutch,3,3,6
01/09/2017 a 30/09/2017,pinyin,0,0,0
01/09/2017 a 30/09/2017,english,1413,1316,2729
,,,,
01/10/2017 a 31/10/2017,portuguese,579,313,892
01/10/2017 a 31/10/2017,french,106,55,161
01/10/2017 a 31/10/2017,farsi,4,0,4
01/10/2017 a 31/10/2017,swedish,0,0,0
01/10/2017 a 31/10/2017,russian,200,115,315
01/10/2017 a 31/10/2017,german,12,22,34
01/10/2017 a 31/10/2017,spanish,65,31,96
01/10/2017 a 31/10/2017,dutch,5,1,6
01/10/2017 a 31/10/2017,pinyin,0,0,0
01/10/2017 a 31/10/2017,english,1539,1092,2631
,,,,
01/11/2017 a 30/11/2017,portuguese,763,364,1127
01/11/2017 a 30/11/2017,french,59,60,119
01/11/2017 a 30/11/2017,farsi,2,0,2
01/11/2017 a 30/11/2017,swedish,0,0,0
01/11/2017 a 30/11/2017,russian,161,139,300
01/11/2017 a 30/11/2017,german,11,22,33
01/11/2017 a 30/11/2017,spanish,173,42,215
01/11/2017 a 30/11/2017,dutch,0,0,0
01/11/2017 a 30/11/2017,pinyin,0,0,0
01/11/2017 a 30/11/2017,english,1283,906,2189
,,,,
01/12/2017 a 31/12/2017,portuguese,577,425,1002
01/12/2017 a 31/12/2017,french,96,131,227
01/12/2017 a 31/12/2017,farsi,1,0,1
01/12/2017 a 31/12/2017,swedish,2,0,2
01/12/2017 a 31/12/2017,russian,121,95,216
01/12/2017 a 31/12/2017,german,4,10,14
01/12/2017 a 31/12/2017,spanish,45,160,205
01/12/2017 a 31/12/2017,dutch,2,0,2
01/12/2017 a 31/12/2017,pinyin,0,0,0
01/12/2017 a 31/12/2017,english,1143,1227,2370
,,,,
01/01/2018 a 31/01/2018,portuguese,888,5736,6624
01/01/2018 a 31/01/2018,french,57,25,82
01/01/2018 a 31/01/2018,farsi,0,0,0
01/01/2018 a 31/01/2018,swedish,0,0,0
01/01/2018 a 31/01/2018,russian,178,428,606
01/01/2018 a 31/01/2018,german,3,13,16
01/01/2018 a 31/01/2018,spanish,29,18,47
01/01/2018 a 31/01/2018,dutch,0,0,0
01/01/2018 a 31/01/2018,pinyin,0,0,0
01/01/2018 a 31/01/2018,english,1415,1142,2557
,,,,
01/02/2018 a 28/02/2018,portuguese,699,335,1034
01/02/2018 a 28/02/2018,french,76,56,132
01/02/2018 a 28/02/2018,farsi,1,1,2
01/02/2018 a 28/02/2018,swedish,1,0,1
01/02/2018 a 28/02/2018,russian,225,390,615
01/02/2018 a 28/02/2018,german,4,14,18
01/02/2018 a 28/02/2018,spanish,26,20,46
01/02/2018 a 28/02/2018,dutch,2,18,20
01/02/2018 a 28/02/2018,pinyin,0,0,0
01/02/2018 a 28/02/2018,english,1386,1147,2533
,,,,
01/03/2018 a 31/03/2018,portuguese,692,733,1425
01/03/2018 a 31/03/2018,french,106,69,175
01/03/2018 a 31/03/2018,farsi,0,1,1
01/03/2018 a 31/03/2018,swedish,0,0,0
01/03/2018 a 31/03/2018,russian,245,135,380
01/03/2018 a 31/03/2018,german,6,1,7
01/03/2018 a 31/03/2018,spanish,34,17,51
01/03/2018 a 31/03/2018,dutch,4,0,4
01/03/2018 a 31/03/2018,pinyin,0,0,0
01/03/2018 a 31/03/2018,english,1828,1119,2947
,,,,
01/04/2018 a 30/04/2018,portuguese,668,420,1088
01/04/2018 a 30/04/2018,french,126,112,238
01/04/2018 a 30/04/2018,farsi,1,0,1
01/04/2018 a 30/04/2018,swedish,0,0,0
01/04/2018 a 30/04/2018,russian,231,249,480
01/04/2018 a 30/04/2018,german,3,3,6
01/04/2018 a 30/04/2018,spanish,32,97,129
01/04/2018 a 30/04/2018,dutch,1,0,1
01/04/2018 a 30/04/2018,pinyin,0,0,0
01/04/2018 a 30/04/2018,english,1519,1335,2854
,,,,
01/05/2018 a 31/05/2018,portuguese,593,335,928
01/05/2018 a 31/05/2018,french,105,130,235
01/05/2018 a 31/05/2018,farsi,0,1,1
01/05/2018 a 31/05/2018,swedish,1,0,1
01/05/2018 a 31/05/2018,russian,239,476,715
01/05/2018 a 31/05/2018,german,4,2,6
01/05/2018 a 31/05/2018,spanish,35,28,63
01/05/2018 a 31/05/2018,dutch,3,2,5
01/05/2018 a 31/05/2018,pinyin,0,0,0
01/05/2018 a 31/05/2018,english,1453,1608,3061
,,,,
01/06/2018 a 30/06/2018,portuguese,608,661,1269
01/06/2018 a 30/06/2018,french,79,102,181
01/06/2018 a 30/06/2018,farsi,1,0,1
01/06/2018 a 30/06/2018,swedish,1,0,1
01/06/2018 a 30/06/2018,russian,241,171,412
01/06/2018 a 30/06/2018,german,3,0,3
01/06/2018 a 30/06/2018,spanish,29,19,48
01/06/2018 a 30/06/2018,dutch,2,0,2
01/06/2018 a 30/06/2018,pinyin,0,0,0
01/06/2018 a 30/06/2018,english,1473,1351,2824
,,,,
01/07/2018 a 31/07/2018,portuguese,513,345,858
01/07/2018 a 31/07/2018,french,93,92,185
01/07/2018 a 31/07/2018,farsi,0,11,11
01/07/2018 a 31/07/2018,swedish,2,6,8
01/07/2018 a 31/07/2018,russian,204,225,429
01/07/2018 a 31/07/2018,german,5,1,6
01/07/2018 a 31/07/2018,spanish,38,37,75
01/07/2018 a 31/07/2018,dutch,3,0,3
01/07/2018 a 31/07/2018,pinyin,0,0,0
01/07/2018 a 31/07/2018,english,1515,1353,2868
,,,,
01/08/2018 a 31/08/2018,portuguese,471,325,796
01/08/2018 a 31/08/2018,french,120,106,226
01/08/2018 a 31/08/2018,farsi,0,0,0
01/08/2018 a 31/08/2018,swedish,1,2,3
01/08/2018 a 31/08/2018,russian,237,542,779
01/08/2018 a 31/08/2018,german,3,0,3
01/08/2018 a 31/08/2018,spanish,83,39,122
01/08/2018 a 31/08/2018,dutch,0,0,0
01/08/2018 a 31/08/2018,pinyin,0,0,0
01/08/2018 a 31/08/2018,english,1401,1296,2697
,,,,
01/09/2018 a 30/09/2018,portuguese,951,564,1515
01/09/2018 a 30/09/2018,french,102,100,202
01/09/2018 a 30/09/2018,farsi,0,7,7
01/09/2018 a 30/09/2018,swedish,0,0,0
01/09/2018 a 30/09/2018,russian,410,376,786
01/09/2018 a 30/09/2018,german,12,0,12
01/09/2018 a 30/09/2018,spanish,103,46,149
01/09/2018 a 30/09/2018,dutch,8,1,9
01/09/2018 a 30/09/2018,pinyin,0,0,0
01/09/2018 a 30/09/2018,english,1981,1532,3513
,,,,
01/10/2018 a 31/10/2018,portuguese,3931,6920,10851
01/10/2018 a 31/10/2018,french,71,112,183
01/10/2018 a 31/10/2018,farsi,0,0,0
01/10/2018 a 31/10/2018,swedish,0,0,0
01/10/2018 a 31/10/2018,russian,1868,1558,3426
01/10/2018 a 31/10/2018,german,5,5,10
01/10/2018 a 31/10/2018,spanish,50,36,86
01/10/2018 a 31/10/2018,dutch,1,0,1
01/10/2018 a 31/10/2018,pinyin,1,1,2
01/10/2018 a 31/10/2018,english,6209,7620,13829
,,,,
01/11/2018 a 30/11/2018,portuguese,595,377,972
01/11/2018 a 30/11/2018,french,86,70,156
01/11/2018 a 30/11/2018,farsi,0,4,4
01/11/2018 a 30/11/2018,swedish,0,0,0
01/11/2018 a 30/11/2018,russian,317,206,523
01/11/2018 a 30/11/2018,german,4,2,6
01/11/2018 a 30/11/2018,spanish,32,27,59
01/11/2018 a 30/11/2018,dutch,0,1,1
01/11/2018 a 30/11/2018,pinyin,0,0,0
01/11/2018 a 30/11/2018,english,1526,1639,3165
,,,,
01/12/2018 a 31/12/2018,portuguese,520,331,851
01/12/2018 a 31/12/2018,french,81,75,156
01/12/2018 a 31/12/2018,farsi,0,1,1
01/12/2018 a 31/12/2018,swedish,0,0,0
01/12/2018 a 31/12/2018,russian,319,182,501
01/12/2018 a 31/12/2018,german,6,5,11
01/12/2018 a 31/12/2018,spanish,42,21,63
01/12/2018 a 31/12/2018,dutch,1,0,1
01/12/2018 a 31/12/2018,pinyin,0,3,3
01/12/2018 a 31/12/2018,english,1759,1405,3164